"No.","Channel Name","Receive Frequency","Transmit Frequency","Channel Type","Transmit Power","Band Width","CTCSS/DCS Decode","CTCSS/DCS Encode","Contact/Talk Group","Contact/Talk Group Call Type","Contact/Talk Group TG/DMR ID","Radio ID","Busy Lock/TX Permit","Squelch Mode","Optional Signal","DTMF ID","2Tone ID","5Tone ID","PTT ID","RX Color Code","Slot","Scan List","Receive Group List","PTT Prohibit","Reverse","Digital Duplex","Slot Suit","AES Digital Encryption","Digital Encryption","Call Confirmation","Talk Around(Simplex)","Work Alone","Custom CTCSS","2TONE Decode","Ranging","Idle TX","APRS RX","Analog APRS PTT Mode","Digital APRS PTT Mode","APRS Report Type","Digital APRS Report Channel","Correct Frequency[Hz]","SMS Confirmation","Exclude channel from roaming","DMR MODE","DataACK Disable","R5toneBot","R5ToneEot","Auto Scan","Ana APRS Mute","Send Talker Alias DMR/NX","AnaAprsTxPath","ARC4","ex_emg_kind","Rpga_Mdc","DisturEn","DisturFreq","dmr_crc_ignore","compand","tx_talkalaes","dup_call","tx_int","BtRxState","idle_tx","nxdn_wn","NxdnRpga","nxdnSqCon","NxdnTxBusy","NxDnPttId","EnRan","DeRan","NxdnEncry","NxdnGroupId","NxdnIdNum","NxdnStateNum","txcc"
"1","Ch01","438.80000","434.00000","D-Digital","Low","12.5K","Off","Off","TG Alpha","Group Call","2355","TEST01","Always","Carrier","Off","1","1","1","Off","1","2","None","None","Off","Off","Off","Off","Normal Encryption","Off","On","Off","Off","251.1","0","Off","Off","Off","Off","Off","Off","1","0","On","0","1","0","0","0","0","0","1","0","0","0","0","0","0","0","0","1","0","0","0","0","0","0","0","0","0","0","0","0","0","0","0","1"
"1","Ch02","438.80000","434.00000","D-Digital","Low","12.5K","Off","Off","TG Alpha","Group Call","2355","TEST01","Always","Carrier","Off","1","1","1","Off","1","2","None","None","Off","Off","Off","Off","Normal Encryption","Off","On","Off","Off","251.1","0","Off","Off","Off","Off","Off","Off","1","0","On","0","1","0","0","0","0","0","1","0","0","0","0","0","0","0","0","1","0","0","0","0","0","0","0","0","0","0","0","0","0","0","0","1"
"1","Ch03","438.80000","434.00000","D-Digital","Low","12.5K","Off","Off","TG Alpha","Group Call","2355","TEST01","Always","Carrier","Off","1","1","1","Off","1","2","None","None","Off","Off","Off","Off","Normal Encryption","Off","On","Off","Off","251.1","0","Off","Off","Off","Off","Off","Off","1","0","On","0","1","0","0","0","0","0","1","0","0","0","0","0","0","0","0","1","0","0","0","0","0","0","0","0","0","0","0","0","0","0","0","1"
"1","Ch04","438.80000","434.00000","D-Digital","Low","12.5K","Off","Off","TG Alpha","Group Call","2355","TEST01","Always","Carrier","Off","1","1","1","Off","1","2","None","None","Off","Off","Off","Off","Normal Encryption","Off","On","Off","Off","251.1","0","Off","Off","Off","Off","Off","Off","1","0","On","0","1","0","0","0","0","0","1","0","0","0","0","0","0","0","0","1","0","0","0","0","0","0","0","0","0","0","0","0","0","0","0","1"
"1","Ch05","438.80000","434.00000","D-Digital","Low","12.5K","Off","Off","TG Alpha","Group Call","2355","TEST01","Always","Carrier","Off","1","1","1","Off","1","2","None","None","Off","Off","Off","Off","Normal Encryption","Off","On","Off","Off","251.1","0","Off","Off","Off","Off","Off","Off","1","0","On","0","1","0","0","0","0","0","1","0","0","0","0","0","0","0","0","1","0","0","0","0","0","0","0","0","0","0","0","0","0","0","0","1"
"1","Ch06","438.80000","434.00000","D-Digital","Low","12.5K","Off","Off","TG Alpha","Group Call","2355","TEST01","Always","Carrier","Off","1","1","1","Off","1","2","None","None","Off","Off","Off","Off","Normal Encryption","Off","On","Off","Off","251.1","0","Off","Off","Off","Off","Off","Off","1","0","On","0","1","0","0","0","0","0","1","0","0","0","0","0","0","0","0","1","0","0","0","0","0","0","0","0","0","0","0","0","0","0","0","1"
"1","Ch07","438.80000","434.00000","D-Digital","Low","12.5K","Off","Off","TG Alpha","Group Call","2355","TEST01","Always","Carrier","Off","1","1","1","Off","1","2","None","None","Off","Off","Off","Off","Normal Encryption","Off","On","Off","Off","251.1","0","Off","Off","Off","Off","Off","Off","1","0","On","0","1","0","0","0","0","0","1","0","0","0","0","0","0","0","0","1","0","0","0","0","0","0","0","0","0","0","0","0","0","0","0","1"
"1","Ch08","438.80000","434.00000","D-Digital","Low","12.5K","Off","Off","TG Alpha","Group Call","2355","TEST01","Always","Carrier","Off","1","1","1","Off","1","2","None","None","Off","Off","Off","Off","Normal Encryption","Off","On","Off","Off","251.1","0","Off","Off","Off","Off","Off","Off","1","0","On","0","1","0","0","0","0","0","1","0","0","0","0","0","0","0","0","1","0","0","0","0","0","0","0","0","0","0","0","0","0","0","0","1"
"1","Ch09","438.80000","434.00000","D-Digital","Low","12.5K","Off","Off","TG Alpha","Group Call","2355","TEST01","Always","Carrier","Off","1","1","1","Off","1","2","None","None","Off","Off","Off","Off","Normal Encryption","Off","On","Off","Off","251.1","0","Off","Off","Off","Off","Off","Off","1","0","On","0","1","0","0","0","0","0","1","0","0","0","0","0","0","0","0","1","0","0","0","0","0","0","0","0","0","0","0","0","0","0","0","1"
"1","Ch10","438.80000","434.00000","D-Digital","Low","12.5K","Off","Off","TG Alpha","Group Call","2355","TEST01","Always","Carrier","Off","1","1","1","Off","1","2","None","None","Off","Off","Off","Off","Normal Encryption","Off","On","Off","Off","251.1","0","Off","Off","Off","Off","Off","Off","1","0","On","0","1","0","0","0","0","0","1","0","0","0","0","0","0","0","0","1","0","0","0","0","0","0","0","0","0","0","0","0","0","0","0","1"
"1","Ch11","438.80000","434.00000","D-Digital","Low","12.5K","Off","Off","TG Alpha","Group Call","2355","TEST01","Always","Carrier","Off","1","1","1","Off","1","2","None","None","Off","Off","Off","Off","Normal Encryption","Off","On","Off","Off","251.1","0","Off","Off","Off","Off","Off","Off","1","0","On","0","1","0","0","0","0","0","1","0","0","0","0","0","0","0","0","1","0","0","0","0","0","0","0","0","0","0","0","0","0","0","0","1"
"1","Ch12","438.80000","434.00000","D-Digital","Low","12.5K","Off","Off","TG Alpha","Group Call","2355","TEST01","Always","Carrier","Off","1","1","1","Off","1","2","None","None","Off","Off","Off","Off","Normal Encryption","Off","On","Off","Off","251.1","0","Off","Off","Off","Off","Off","Off","1","0","On","0","1","0","0","0","0","0","1","0","0","0","0","0","0","0","0","1","0","0","0","0","0","0","0","0","0","0","0","0","0","0","0","1"
"1","Ch13","438.80000","434.00000","D-Digital","Low","12.5K","Off","Off","TG Alpha","Group Call","2355","TEST01","Always","Carrier","Off","1","1","1","Off","1","2","None","None","Off","Off","Off","Off","Normal Encryption","Off","On","Off","Off","251.1","0","Off","Off","Off","Off","Off","Off","1","0","On","0","1","0","0","0","0","0","1","0","0","0","0","0","0","0","0","1","0","0","0","0","0","0","0","0","0","0","0","0","0","0","0","1"
"1","Ch14","438.80000","434.00000","D-Digital","Low","12.5K","Off","Off","TG Alpha","Group Call","2355","TEST01","Always","Carrier","Off","1","1","1","Off","1","2","None","None","Off","Off","Off","Off","Normal Encryption","Off","On","Off","Off","251.1","0","Off","Off","Off","Off","Off","Off","1","0","On","0","1","0","0","0","0","0","1","0","0","0","0","0","0","0","0","1","0","0","0","0","0","0","0","0","0","0","0","0","0","0","0","1"
"1","Ch15","438.80000","434.00000","D-Digital","Low","12.5K","Off","Off","TG Alpha","Group Call","2355","TEST01","Always","Carrier","Off","1","1","1","Off","1","2","None","None","Off","Off","Off","Off","Normal Encryption","Off","On","Off","Off","251.1","0","Off","Off","Off","Off","Off","Off","1","0","On","0","1","0","0","0","0","0","1","0","0","0","0","0","0","0","0","1","0","0","0","0","0","0","0","0","0","0","0","0","0","0","0","1"
"1","Ch16","438.80000","434.00000","D-Digital","Low","12.5K","Off","Off","TG Alpha","Group Call","2355","TEST01","Always","Carrier","Off","1","1","1","Off","1","2","None","None","Off","Off","Off","Off","Normal Encryption","Off","On","Off","Off","251.1","0","Off","Off","Off","Off","Off","Off","1","0","On","0","1","0","0","0","0","0","1","0","0","0","0","0","0","0","0","1","0","0","0","0","0","0","0","0","0","0","0","0","0","0","0","1"
"1","Ch17","438.80000","434.00000","D-Digital","Low","12.5K","Off","Off","TG Alpha","Group Call","2355","TEST01","Always","Carrier","Off","1","1","1","Off","1","2","None","None","Off","Off","Off","Off","Normal Encryption","Off","On","Off","Off","251.1","0","Off","Off","Off","Off","Off","Off","1","0","On","0","1","0","0","0","0","0","1","0","0","0","0","0","0","0","0","1","0","0","0","0","0","0","0","0","0","0","0","0","0","0","0","1"
"1","Ch18","438.80000","434.00000","D-Digital","Low","12.5K","Off","Off","TG Alpha","Group Call","2355","TEST01","Always","Carrier","Off","1","1","1","Off","1","2","None","None","Off","Off","Off","Off","Normal Encryption","Off","On","Off","Off","251.1","0","Off","Off","Off","Off","Off","Off","1","0","On","0","1","0","0","0","0","0","1","0","0","0","0","0","0","0","0","1","0","0","0","0","0","0","0","0","0","0","0","0","0","0","0","1"
"1","Ch19","438.80000","434.00000","D-Digital","Low","12.5K","Off","Off","TG Alpha","Group Call","2355","TEST01","Always","Carrier","Off","1","1","1","Off","1","2","None","None","Off","Off","Off","Off","Normal Encryption","Off","On","Off","Off","251.1","0","Off","Off","Off","Off","Off","Off","1","0","On","0","1","0","0","0","0","0","1","0","0","0","0","0","0","0","0","1","0","0","0","0","0","0","0","0","0","0","0","0","0","0","0","1"
"1","Ch20","438.80000","434.00000","D-Digital","Low","12.5K","Off","Off","TG Alpha","Group Call","2355","TEST01","Always","Carrier","Off","1","1","1","Off","1","2","None","None","Off","Off","Off","Off","Normal Encryption","Off","On","Off","Off","251.1","0","Off","Off","Off","Off","Off","Off","1","0","On","0","1","0","0","0","0","0","1","0","0","0","0","0","0","0","0","1","0","0","0","0","0","0","0","0","0","0","0","0","0","0","0","1"
"1","Ch21","438.80000","434.00000","D-Digital","Low","12.5K","Off","Off","TG Alpha","Group Call","2355","TEST01","Always","Carrier","Off","1","1","1","Off","1","2","None","None","Off","Off","Off","Off","Normal Encryption","Off","On","Off","Off","251.1","0","Off","Off","Off","Off","Off","Off","1","0","On","0","1","0","0","0","0","0","1","0","0","0","0","0","0","0","0","1","0","0","0","0","0","0","0","0","0","0","0","0","0","0","0","1"
"1","Ch22","438.80000","434.00000","D-Digital","Low","12.5K","Off","Off","TG Alpha","Group Call","2355","TEST01","Always","Carrier","Off","1","1","1","Off","1","2","None","None","Off","Off","Off","Off","Normal Encryption","Off","On","Off","Off","251.1","0","Off","Off","Off","Off","Off","Off","1","0","On","0","1","0","0","0","0","0","1","0","0","0","0","0","0","0","0","1","0","0","0","0","0","0","0","0","0","0","0","0","0","0","0","1"
"1","Ch23","438.80000","434.00000","D-Digital","Low","12.5K","Off","Off","TG Alpha","Group Call","2355","TEST01","Always","Carrier","Off","1","1","1","Off","1","2","None","None","Off","Off","Off","Off","Normal Encryption","Off","On","Off","Off","251.1","0","Off","Off","Off","Off","Off","Off","1","0","On","0","1","0","0","0","0","0","1","0","0","0","0","0","0","0","0","1","0","0","0","0","0","0","0","0","0","0","0","0","0","0","0","1"
"1","Ch24","438.80000","434.00000","D-Digital","Low","12.5K","Off","Off","TG Alpha","Group Call","2355","TEST01","Always","Carrier","Off","1","1","1","Off","1","2","None","None","Off","Off","Off","Off","Normal Encryption","Off","On","Off","Off","251.1","0","Off","Off","Off","Off","Off","Off","1","0","On","0","1","0","0","0","0","0","1","0","0","0","0","0","0","0","0","1","0","0","0","0","0","0","0","0","0","0","0","0","0","0","0","1"
"1","Ch25","438.80000","434.00000","D-Digital","Low","12.5K","Off","Off","TG Alpha","Group Call","2355","TEST01","Always","Carrier","Off","1","1","1","Off","1","2","None","None","Off","Off","Off","Off","Normal Encryption","Off","On","Off","Off","251.1","0","Off","Off","Off","Off","Off","Off","1","0","On","0","1","0","0","0","0","0","1","0","0","0","0","0","0","0","0","1","0","0","0","0","0","0","0","0","0","0","0","0","0","0","0","1"
"1","Ch26","438.80000","434.00000","D-Digital","Low","12.5K","Off","Off","TG Alpha","Group Call","2355","TEST01","Always","Carrier","Off","1","1","1","Off","1","2","None","None","Off","Off","Off","Off","Normal Encryption","Off","On","Off","Off","251.1","0","Off","Off","Off","Off","Off","Off","1","0","On","0","1","0","0","0","0","0","1","0","0","0","0","0","0","0","0","1","0","0","0","0","0","0","0","0","0","0","0","0","0","0","0","1"
"1","Ch27","438.80000","434.00000","D-Digital","Low","12.5K","Off","Off","TG Alpha","Group Call","2355","TEST01","Always","Carrier","Off","1","1","1","Off","1","2","None","None","Off","Off","Off","Off","Normal Encryption","Off","On","Off","Off","251.1","0","Off","Off","Off","Off","Off","Off","1","0","On","0","1","0","0","0","0","0","1","0","0","0","0","0","0","0","0","1","0","0","0","0","0","0","0","0","0","0","0","0","0","0","0","1"
"1","Ch28","438.80000","434.00000","D-Digital","Low","12.5K","Off","Off","TG Alpha","Group Call","2355","TEST01","Always","Carrier","Off","1","1","1","Off","1","2","None","None","Off","Off","Off","Off","Normal Encryption","Off","On","Off","Off","251.1","0","Off","Off","Off","Off","Off","Off","1","0","On","0","1","0","0","0","0","0","1","0","0","0","0","0","0","0","0","1","0","0","0","0","0","0","0","0","0","0","0","0","0","0","0","1"
"1","Ch29","438.80000","434.00000","D-Digital","Low","12.5K","Off","Off","TG Alpha","Group Call","2355","TEST01","Always","Carrier","Off","1","1","1","Off","1","2","None","None","Off","Off","Off","Off","Normal Encryption","Off","On","Off","Off","251.1","0","Off","Off","Off","Off","Off","Off","1","0","On","0","1","0","0","0","0","0","1","0","0","0","0","0","0","0","0","1","0","0","0","0","0","0","0","0","0","0","0","0","0","0","0","1"
"1","Ch30","438.80000","434.00000","D-Digital","Low","12.5K","Off","Off","TG Alpha","Group Call","2355","TEST01","Always","Carrier","Off","1","1","1","Off","1","2","None","None","Off","Off","Off","Off","Normal Encryption","Off","On","Off","Off","251.1","0","Off","Off","Off","Off","Off","Off","1","0","On","0","1","0","0","0","0","0","1","0","0","0","0","0","0","0","0","1","0","0","0","0","0","0","0","0","0","0","0","0","0","0","0","1"
"1","Ch31","438.80000","434.00000","D-Digital","Low","12.5K","Off","Off","TG Alpha","Group Call","2355","TEST01","Always","Carrier","Off","1","1","1","Off","1","2","None","None","Off","Off","Off","Off","Normal Encryption","Off","On","Off","Off","251.1","0","Off","Off","Off","Off","Off","Off","1","0","On","0","1","0","0","0","0","0","1","0","0","0","0","0","0","0","0","1","0","0","0","0","0","0","0","0","0","0","0","0","0","0","0","1"
"1","Ch32","438.80000","434.00000","D-Digital","Low","12.5K","Off","Off","TG Alpha","Group Call","2355","TEST01","Always","Carrier","Off","1","1","1","Off","1","2","None","None","Off","Off","Off","Off","Normal Encryption","Off","On","Off","Off","251.1","0","Off","Off","Off","Off","Off","Off","1","0","On","0","1","0","0","0","0","0","1","0","0","0","0","0","0","0","0","1","0","0","0","0","0","0","0","0","0","0","0","0","0","0","0","1"
"1","Ch33","438.80000","434.00000","D-Digital","Low","12.5K","Off","Off","TG Alpha","Group Call","2355","TEST01","Always","Carrier","Off","1","1","1","Off","1","2","None","None","Off","Off","Off","Off","Normal Encryption","Off","On","Off","Off","251.1","0","Off","Off","Off","Off","Off","Off","1","0","On","0","1","0","0","0","0","0","1","0","0","0","0","0","0","0","0","1","0","0","0","0","0","0","0","0","0","0","0","0","0","0","0","1"
"1","Ch34","438.80000","434.00000","D-Digital","Low","12.5K","Off","Off","TG Alpha","Group Call","2355","TEST01","Always","Carrier","Off","1","1","1","Off","1","2","None","None","Off","Off","Off","Off","Normal Encryption","Off","On","Off","Off","251.1","0","Off","Off","Off","Off","Off","Off","1","0","On","0","1","0","0","0","0","0","1","0","0","0","0","0","0","0","0","1","0","0","0","0","0","0","0","0","0","0","0","0","0","0","0","1"
"1","Ch35","438.80000","434.00000","D-Digital","Low","12.5K","Off","Off","TG Alpha","Group Call","2355","TEST01","Always","Carrier","Off","1","1","1","Off","1","2","None","None","Off","Off","Off","Off","Normal Encryption","Off","On","Off","Off","251.1","0","Off","Off","Off","Off","Off","Off","1","0","On","0","1","0","0","0","0","0","1","0","0","0","0","0","0","0","0","1","0","0","0","0","0","0","0","0","0","0","0","0","0","0","0","1"
"1","Ch36","438.80000","434.00000","D-Digital","Low","12.5K","Off","Off","TG Alpha","Group Call","2355","TEST01","Always","Carrier","Off","1","1","1","Off","1","2","None","None","Off","Off","Off","Off","Normal Encryption","Off","On","Off","Off","251.1","0","Off","Off","Off","Off","Off","Off","1","0","On","0","1","0","0","0","0","0","1","0","0","0","0","0","0","0","0","1","0","0","0","0","0","0","0","0","0","0","0","0","0","0","0","1"
"1","Ch37","438.80000","434.00000","D-Digital","Low","12.5K","Off","Off","TG Alpha","Group Call","2355","TEST01","Always","Carrier","Off","1","1","1","Off","1","2","None","None","Off","Off","Off","Off","Normal Encryption","Off","On","Off","Off","251.1","0","Off","Off","Off","Off","Off","Off","1","0","On","0","1","0","0","0","0","0","1","0","0","0","0","0","0","0","0","1","0","0","0","0","0","0","0","0","0","0","0","0","0","0","0","1"
"1","Ch38","438.80000","434.00000","D-Digital","Low","12.5K","Off","Off","TG Alpha","Group Call","2355","TEST01","Always","Carrier","Off","1","1","1","Off","1","2","None","None","Off","Off","Off","Off","Normal Encryption","Off","On","Off","Off","251.1","0","Off","Off","Off","Off","Off","Off","1","0","On","0","1","0","0","0","0","0","1","0","0","0","0","0","0","0","0","1","0","0","0","0","0","0","0","0","0","0","0","0","0","0","0","1"
"1","Ch39","438.80000","434.00000","D-Digital","Low","12.5K","Off","Off","TG Alpha","Group Call","2355","TEST01","Always","Carrier","Off","1","1","1","Off","1","2","None","None","Off","Off","Off","Off","Normal Encryption","Off","On","Off","Off","251.1","0","Off","Off","Off","Off","Off","Off","1","0","On","0","1","0","0","0","0","0","1","0","0","0","0","0","0","0","0","1","0","0","0","0","0","0","0","0","0","0","0","0","0","0","0","1"
"1","Ch40","438.80000","434.00000","D-Digital","Low","12.5K","Off","Off","TG Alpha","Group Call","2355","TEST01","Always","Carrier","Off","1","1","1","Off","1","2","None","None","Off","Off","Off","Off","Normal Encryption","Off","On","Off","Off","251.1","0","Off","Off","Off","Off","Off","Off","1","0","On","0","1","0","0","0","0","0","1","0","0","0","0","0","0","0","0","1","0","0","0","0","0","0","0","0","0","0","0","0","0","0","0","1"
"1","Ch41","438.80000","434.00000","D-Digital","Low","12.5K","Off","Off","TG Alpha","Group Call","2355","TEST01","Always","Carrier","Off","1","1","1","Off","1","2","None","None","Off","Off","Off","Off","Normal Encryption","Off","On","Off","Off","251.1","0","Off","Off","Off","Off","Off","Off","1","0","On","0","1","0","0","0","0","0","1","0","0","0","0","0","0","0","0","1","0","0","0","0","0","0","0","0","0","0","0","0","0","0","0","1"
"1","Ch42","438.80000","434.00000","D-Digital","Low","12.5K","Off","Off","TG Alpha","Group Call","2355","TEST01","Always","Carrier","Off","1","1","1","Off","1","2","None","None","Off","Off","Off","Off","Normal Encryption","Off","On","Off","Off","251.1","0","Off","Off","Off","Off","Off","Off","1","0","On","0","1","0","0","0","0","0","1","0","0","0","0","0","0","0","0","1","0","0","0","0","0","0","0","0","0","0","0","0","0","0","0","1"
"1","Ch43","438.80000","434.00000","D-Digital","Low","12.5K","Off","Off","TG Alpha","Group Call","2355","TEST01","Always","Carrier","Off","1","1","1","Off","1","2","None","None","Off","Off","Off","Off","Normal Encryption","Off","On","Off","Off","251.1","0","Off","Off","Off","Off","Off","Off","1","0","On","0","1","0","0","0","0","0","1","0","0","0","0","0","0","0","0","1","0","0","0","0","0","0","0","0","0","0","0","0","0","0","0","1"
"1","Ch44","438.80000","434.00000","D-Digital","Low","12.5K","Off","Off","TG Alpha","Group Call","2355","TEST01","Always","Carrier","Off","1","1","1","Off","1","2","None","None","Off","Off","Off","Off","Normal Encryption","Off","On","Off","Off","251.1","0","Off","Off","Off","Off","Off","Off","1","0","On","0","1","0","0","0","0","0","1","0","0","0","0","0","0","0","0","1","0","0","0","0","0","0","0","0","0","0","0","0","0","0","0","1"
"1","Ch45","438.80000","434.00000","D-Digital","Low","12.5K","Off","Off","TG Alpha","Group Call","2355","TEST01","Always","Carrier","Off","1","1","1","Off","1","2","None","None","Off","Off","Off","Off","Normal Encryption","Off","On","Off","Off","251.1","0","Off","Off","Off","Off","Off","Off","1","0","On","0","1","0","0","0","0","0","1","0","0","0","0","0","0","0","0","1","0","0","0","0","0","0","0","0","0","0","0","0","0","0","0","1"
"1","Ch46","438.80000","434.00000","D-Digital","Low","12.5K","Off","Off","TG Alpha","Group Call","2355","TEST01","Always","Carrier","Off","1","1","1","Off","1","2","None","None","Off","Off","Off","Off","Normal Encryption","Off","On","Off","Off","251.1","0","Off","Off","Off","Off","Off","Off","1","0","On","0","1","0","0","0","0","0","1","0","0","0","0","0","0","0","0","1","0","0","0","0","0","0","0","0","0","0","0","0","0","0","0","1"
"1","Ch47","438.80000","434.00000","D-Digital","Low","12.5K","Off","Off","TG Alpha","Group Call","2355","TEST01","Always","Carrier","Off","1","1","1","Off","1","2","None","None","Off","Off","Off","Off","Normal Encryption","Off","On","Off","Off","251.1","0","Off","Off","Off","Off","Off","Off","1","0","On","0","1","0","0","0","0","0","1","0","0","0","0","0","0","0","0","1","0","0","0","0","0","0","0","0","0","0","0","0","0","0","0","1"
"1","Ch48","438.80000","434.00000","D-Digital","Low","12.5K","Off","Off","TG Alpha","Group Call","2355","TEST01","Always","Carrier","Off","1","1","1","Off","1","2","None","None","Off","Off","Off","Off","Normal Encryption","Off","On","Off","Off","251.1","0","Off","Off","Off","Off","Off","Off","1","0","On","0","1","0","0","0","0","0","1","0","0","0","0","0","0","0","0","1","0","0","0","0","0","0","0","0","0","0","0","0","0","0","0","1"
"1","Ch49","438.80000","434.00000","D-Digital","Low","12.5K","Off","Off","TG Alpha","Group Call","2355","TEST01","Always","Carrier","Off","1","1","1","Off","1","2","None","None","Off","Off","Off","Off","Normal Encryption","Off","On","Off","Off","251.1","0","Off","Off","Off","Off","Off","Off","1","0","On","0","1","0","0","0","0","0","1","0","0","0","0","0","0","0","0","1","0","0","0","0","0","0","0","0","0","0","0","0","0","0","0","1"
"1","Ch50","438.80000","434.00000","D-Digital","Low","12.5K","Off","Off","TG Alpha","Group Call","2355","TEST01","Always","Carrier","Off","1","1","1","Off","1","2","None","None","Off","Off","Off","Off","Normal Encryption","Off","On","Off","Off","251.1","0","Off","Off","Off","Off","Off","Off","1","0","On","0","1","0","0","0","0","0","1","0","0","0","0","0","0","0","0","1","0","0","0","0","0","0","0","0","0","0","0","0","0","0","0","1"
"1","Ch51","438.80000","434.00000","D-Digital","Low","12.5K","Off","Off","TG Alpha","Group Call","2355","TEST01","Always","Carrier","Off","1","1","1","Off","1","2","None","None","Off","Off","Off","Off","Normal Encryption","Off","On","Off","Off","251.1","0","Off","Off","Off","Off","Off","Off","1","0","On","0","1","0","0","0","0","0","1","0","0","0","0","0","0","0","0","1","0","0","0","0","0","0","0","0","0","0","0","0","0","0","0","1"
"1","Ch52","438.80000","434.00000","D-Digital","Low","12.5K","Off","Off","TG Alpha","Group Call","2355","TEST01","Always","Carrier","Off","1","1","1","Off","1","2","None","None","Off","Off","Off","Off","Normal Encryption","Off","On","Off","Off","251.1","0","Off","Off","Off","Off","Off","Off","1","0","On","0","1","0","0","0","0","0","1","0","0","0","0","0","0","0","0","1","0","0","0","0","0","0","0","0","0","0","0","0","0","0","0","1"
"1","Ch53","438.80000","434.00000","D-Digital","Low","12.5K","Off","Off","TG Alpha","Group Call","2355","TEST01","Always","Carrier","Off","1","1","1","Off","1","2","None","None","Off","Off","Off","Off","Normal Encryption","Off","On","Off","Off","251.1","0","Off","Off","Off","Off","Off","Off","1","0","On","0","1","0","0","0","0","0","1","0","0","0","0","0","0","0","0","1","0","0","0","0","0","0","0","0","0","0","0","0","0","0","0","1"
"1","Ch54","438.80000","434.00000","D-Digital","Low","12.5K","Off","Off","TG Alpha","Group Call","2355","TEST01","Always","Carrier","Off","1","1","1","Off","1","2","None","None","Off","Off","Off","Off","Normal Encryption","Off","On","Off","Off","251.1","0","Off","Off","Off","Off","Off","Off","1","0","On","0","1","0","0","0","0","0","1","0","0","0","0","0","0","0","0","1","0","0","0","0","0","0","0","0","0","0","0","0","0","0","0","1"
"1","Ch55","438.80000","434.00000","D-Digital","Low","12.5K","Off","Off","TG Alpha","Group Call","2355","TEST01","Always","Carrier","Off","1","1","1","Off","1","2","None","None","Off","Off","Off","Off","Normal Encryption","Off","On","Off","Off","251.1","0","Off","Off","Off","Off","Off","Off","1","0","On","0","1","0","0","0","0","0","1","0","0","0","0","0","0","0","0","1","0","0","0","0","0","0","0","0","0","0","0","0","0","0","0","1"
"1","Ch56","438.80000","434.00000","D-Digital","Low","12.5K","Off","Off","TG Alpha","Group Call","2355","TEST01","Always","Carrier","Off","1","1","1","Off","1","2","None","None","Off","Off","Off","Off","Normal Encryption","Off","On","Off","Off","251.1","0","Off","Off","Off","Off","Off","Off","1","0","On","0","1","0","0","0","0","0","1","0","0","0","0","0","0","0","0","1","0","0","0","0","0","0","0","0","0","0","0","0","0","0","0","1"
"1","Ch57","438.80000","434.00000","D-Digital","Low","12.5K","Off","Off","TG Alpha","Group Call","2355","TEST01","Always","Carrier","Off","1","1","1","Off","1","2","None","None","Off","Off","Off","Off","Normal Encryption","Off","On","Off","Off","251.1","0","Off","Off","Off","Off","Off","Off","1","0","On","0","1","0","0","0","0","0","1","0","0","0","0","0","0","0","0","1","0","0","0","0","0","0","0","0","0","0","0","0","0","0","0","1"
"1","Ch58","438.80000","434.00000","D-Digital","Low","12.5K","Off","Off","TG Alpha","Group Call","2355","TEST01","Always","Carrier","Off","1","1","1","Off","1","2","None","None","Off","Off","Off","Off","Normal Encryption","Off","On","Off","Off","251.1","0","Off","Off","Off","Off","Off","Off","1","0","On","0","1","0","0","0","0","0","1","0","0","0","0","0","0","0","0","1","0","0","0","0","0","0","0","0","0","0","0","0","0","0","0","1"
"1","Ch59","438.80000","434.00000","D-Digital","Low","12.5K","Off","Off","TG Alpha","Group Call","2355","TEST01","Always","Carrier","Off","1","1","1","Off","1","2","None","None","Off","Off","Off","Off","Normal Encryption","Off","On","Off","Off","251.1","0","Off","Off","Off","Off","Off","Off","1","0","On","0","1","0","0","0","0","0","1","0","0","0","0","0","0","0","0","1","0","0","0","0","0","0","0","0","0","0","0","0","0","0","0","1"
"1","Ch60","438.80000","434.00000","D-Digital","Low","12.5K","Off","Off","TG Alpha","Group Call","2355","TEST01","Always","Carrier","Off","1","1","1","Off","1","2","None","None","Off","Off","Off","Off","Normal Encryption","Off","On","Off","Off","251.1","0","Off","Off","Off","Off","Off","Off","1","0","On","0","1","0","0","0","0","0","1","0","0","0","0","0","0","0","0","1","0","0","0","0","0","0","0","0","0","0","0","0","0","0","0","1"
"1","Ch61","438.80000","434.00000","D-Digital","Low","12.5K","Off","Off","TG Alpha","Group Call","2355","TEST01","Always","Carrier","Off","1","1","1","Off","1","2","None","None","Off","Off","Off","Off","Normal Encryption","Off","On","Off","Off","251.1","0","Off","Off","Off","Off","Off","Off","1","0","On","0","1","0","0","0","0","0","1","0","0","0","0","0","0","0","0","1","0","0","0","0","0","0","0","0","0","0","0","0","0","0","0","1"
"1","Ch62","438.80000","434.00000","D-Digital","Low","12.5K","Off","Off","TG Alpha","Group Call","2355","TEST01","Always","Carrier","Off","1","1","1","Off","1","2","None","None","Off","Off","Off","Off","Normal Encryption","Off","On","Off","Off","251.1","0","Off","Off","Off","Off","Off","Off","1","0","On","0","1","0","0","0","0","0","1","0","0","0","0","0","0","0","0","1","0","0","0","0","0","0","0","0","0","0","0","0","0","0","0","1"
"1","Ch63","438.80000","434.00000","D-Digital","Low","12.5K","Off","Off","TG Alpha","Group Call","2355","TEST01","Always","Carrier","Off","1","1","1","Off","1","2","None","None","Off","Off","Off","Off","Normal Encryption","Off","On","Off","Off","251.1","0","Off","Off","Off","Off","Off","Off","1","0","On","0","1","0","0","0","0","0","1","0","0","0","0","0","0","0","0","1","0","0","0","0","0","0","0","0","0","0","0","0","0","0","0","1"
"1","Ch64","438.80000","434.00000","D-Digital","Low","12.5K","Off","Off","TG Alpha","Group Call","2355","TEST01","Always","Carrier","Off","1","1","1","Off","1","2","None","None","Off","Off","Off","Off","Normal Encryption","Off","On","Off","Off","251.1","0","Off","Off","Off","Off","Off","Off","1","0","On","0","1","0","0","0","0","0","1","0","0","0","0","0","0","0","0","1","0","0","0","0","0","0","0","0","0","0","0","0","0","0","0","1"
"1","Ch65","438.80000","434.00000","D-Digital","Low","12.5K","Off","Off","TG Alpha","Group Call","2355","TEST01","Always","Carrier","Off","1","1","1","Off","1","2","None","None","Off","Off","Off","Off","Normal Encryption","Off","On","Off","Off","251.1","0","Off","Off","Off","Off","Off","Off","1","0","On","0","1","0","0","0","0","0","1","0","0","0","0","0","0","0","0","1","0","0","0","0","0","0","0","0","0","0","0","0","0","0","0","1"
"1","Ch66","438.80000","434.00000","D-Digital","Low","12.5K","Off","Off","TG Alpha","Group Call","2355","TEST01","Always","Carrier","Off","1","1","1","Off","1","2","None","None","Off","Off","Off","Off","Normal Encryption","Off","On","Off","Off","251.1","0","Off","Off","Off","Off","Off","Off","1","0","On","0","1","0","0","0","0","0","1","0","0","0","0","0","0","0","0","1","0","0","0","0","0","0","0","0","0","0","0","0","0","0","0","1"
"1","Ch67","438.80000","434.00000","D-Digital","Low","12.5K","Off","Off","TG Alpha","Group Call","2355","TEST01","Always","Carrier","Off","1","1","1","Off","1","2","None","None","Off","Off","Off","Off","Normal Encryption","Off","On","Off","Off","251.1","0","Off","Off","Off","Off","Off","Off","1","0","On","0","1","0","0","0","0","0","1","0","0","0","0","0","0","0","0","1","0","0","0","0","0","0","0","0","0","0","0","0","0","0","0","1"
"1","Ch68","438.80000","434.00000","D-Digital","Low","12.5K","Off","Off","TG Alpha","Group Call","2355","TEST01","Always","Carrier","Off","1","1","1","Off","1","2","None","None","Off","Off","Off","Off","Normal Encryption","Off","On","Off","Off","251.1","0","Off","Off","Off","Off","Off","Off","1","0","On","0","1","0","0","0","0","0","1","0","0","0","0","0","0","0","0","1","0","0","0","0","0","0","0","0","0","0","0","0","0","0","0","1"
"1","Ch69","438.80000","434.00000","D-Digital","Low","12.5K","Off","Off","TG Alpha","Group Call","2355","TEST01","Always","Carrier","Off","1","1","1","Off","1","2","None","None","Off","Off","Off","Off","Normal Encryption","Off","On","Off","Off","251.1","0","Off","Off","Off","Off","Off","Off","1","0","On","0","1","0","0","0","0","0","1","0","0","0","0","0","0","0","0","1","0","0","0","0","0","0","0","0","0","0","0","0","0","0","0","1"
"1","Ch70","438.80000","434.00000","D-Digital","Low","12.5K","Off","Off","TG Alpha","Group Call","2355","TEST01","Always","Carrier","Off","1","1","1","Off","1","2","None","None","Off","Off","Off","Off","Normal Encryption","Off","On","Off","Off","251.1","0","Off","Off","Off","Off","Off","Off","1","0","On","0","1","0","0","0","0","0","1","0","0","0","0","0","0","0","0","1","0","0","0","0","0","0","0","0","0","0","0","0","0","0","0","1"
"1","Ch71","438.80000","434.00000","D-Digital","Low","12.5K","Off","Off","TG Alpha","Group Call","2355","TEST01","Always","Carrier","Off","1","1","1","Off","1","2","None","None","Off","Off","Off","Off","Normal Encryption","Off","On","Off","Off","251.1","0","Off","Off","Off","Off","Off","Off","1","0","On","0","1","0","0","0","0","0","1","0","0","0","0","0","0","0","0","1","0","0","0","0","0","0","0","0","0","0","0","0","0","0","0","1"
"1","Ch72","438.80000","434.00000","D-Digital","Low","12.5K","Off","Off","TG Alpha","Group Call","2355","TEST01","Always","Carrier","Off","1","1","1","Off","1","2","None","None","Off","Off","Off","Off","Normal Encryption","Off","On","Off","Off","251.1","0","Off","Off","Off","Off","Off","Off","1","0","On","0","1","0","0","0","0","0","1","0","0","0","0","0","0","0","0","1","0","0","0","0","0","0","0","0","0","0","0","0","0","0","0","1"
"1","Ch73","438.80000","434.00000","D-Digital","Low","12.5K","Off","Off","TG Alpha","Group Call","2355","TEST01","Always","Carrier","Off","1","1","1","Off","1","2","None","None","Off","Off","Off","Off","Normal Encryption","Off","On","Off","Off","251.1","0","Off","Off","Off","Off","Off","Off","1","0","On","0","1","0","0","0","0","0","1","0","0","0","0","0","0","0","0","1","0","0","0","0","0","0","0","0","0","0","0","0","0","0","0","1"
"1","Ch74","438.80000","434.00000","D-Digital","Low","12.5K","Off","Off","TG Alpha","Group Call","2355","TEST01","Always","Carrier","Off","1","1","1","Off","1","2","None","None","Off","Off","Off","Off","Normal Encryption","Off","On","Off","Off","251.1","0","Off","Off","Off","Off","Off","Off","1","0","On","0","1","0","0","0","0","0","1","0","0","0","0","0","0","0","0","1","0","0","0","0","0","0","0","0","0","0","0","0","0","0","0","1"
"1","Ch75","438.80000","434.00000","D-Digital","Low","12.5K","Off","Off","TG Alpha","Group Call","2355","TEST01","Always","Carrier","Off","1","1","1","Off","1","2","None","None","Off","Off","Off","Off","Normal Encryption","Off","On","Off","Off","251.1","0","Off","Off","Off","Off","Off","Off","1","0","On","0","1","0","0","0","0","0","1","0","0","0","0","0","0","0","0","1","0","0","0","0","0","0","0","0","0","0","0","0","0","0","0","1"
"1","Ch76","438.80000","434.00000","D-Digital","Low","12.5K","Off","Off","TG Alpha","Group Call","2355","TEST01","Always","Carrier","Off","1","1","1","Off","1","2","None","None","Off","Off","Off","Off","Normal Encryption","Off","On","Off","Off","251.1","0","Off","Off","Off","Off","Off","Off","1","0","On","0","1","0","0","0","0","0","1","0","0","0","0","0","0","0","0","1","0","0","0","0","0","0","0","0","0","0","0","0","0","0","0","1"
"1","Ch77","438.80000","434.00000","D-Digital","Low","12.5K","Off","Off","TG Alpha","Group Call","2355","TEST01","Always","Carrier","Off","1","1","1","Off","1","2","None","None","Off","Off","Off","Off","Normal Encryption","Off","On","Off","Off","251.1","0","Off","Off","Off","Off","Off","Off","1","0","On","0","1","0","0","0","0","0","1","0","0","0","0","0","0","0","0","1","0","0","0","0","0","0","0","0","0","0","0","0","0","0","0","1"
"1","Ch78","438.80000","434.00000","D-Digital","Low","12.5K","Off","Off","TG Alpha","Group Call","2355","TEST01","Always","Carrier","Off","1","1","1","Off","1","2","None","None","Off","Off","Off","Off","Normal Encryption","Off","On","Off","Off","251.1","0","Off","Off","Off","Off","Off","Off","1","0","On","0","1","0","0","0","0","0","1","0","0","0","0","0","0","0","0","1","0","0","0","0","0","0","0","0","0","0","0","0","0","0","0","1"
"1","Ch79","438.80000","434.00000","D-Digital","Low","12.5K","Off","Off","TG Alpha","Group Call","2355","TEST01","Always","Carrier","Off","1","1","1","Off","1","2","None","None","Off","Off","Off","Off","Normal Encryption","Off","On","Off","Off","251.1","0","Off","Off","Off","Off","Off","Off","1","0","On","0","1","0","0","0","0","0","1","0","0","0","0","0","0","0","0","1","0","0","0","0","0","0","0","0","0","0","0","0","0","0","0","1"
"1","Ch80","438.80000","434.00000","D-Digital","Low","12.5K","Off","Off","TG Alpha","Group Call","2355","TEST01","Always","Carrier","Off","1","1","1","Off","1","2","None","None","Off","Off","Off","Off","Normal Encryption","Off","On","Off","Off","251.1","0","Off","Off","Off","Off","Off","Off","1","0","On","0","1","0","0","0","0","0","1","0","0","0","0","0","0","0","0","1","0","0","0","0","0","0","0","0","0","0","0","0","0","0","0","1"
"1","Ch81","438.80000","434.00000","D-Digital","Low","12.5K","Off","Off","TG Alpha","Group Call","2355","TEST01","Always","Carrier","Off","1","1","1","Off","1","2","None","None","Off","Off","Off","Off","Normal Encryption","Off","On","Off","Off","251.1","0","Off","Off","Off","Off","Off","Off","1","0","On","0","1","0","0","0","0","0","1","0","0","0","0","0","0","0","0","1","0","0","0","0","0","0","0","0","0","0","0","0","0","0","0","1"
"1","Ch82","438.80000","434.00000","D-Digital","Low","12.5K","Off","Off","TG Alpha","Group Call","2355","TEST01","Always","Carrier","Off","1","1","1","Off","1","2","None","None","Off","Off","Off","Off","Normal Encryption","Off","On","Off","Off","251.1","0","Off","Off","Off","Off","Off","Off","1","0","On","0","1","0","0","0","0","0","1","0","0","0","0","0","0","0","0","1","0","0","0","0","0","0","0","0","0","0","0","0","0","0","0","1"
"1","Ch83","438.80000","434.00000","D-Digital","Low","12.5K","Off","Off","TG Alpha","Group Call","2355","TEST01","Always","Carrier","Off","1","1","1","Off","1","2","None","None","Off","Off","Off","Off","Normal Encryption","Off","On","Off","Off","251.1","0","Off","Off","Off","Off","Off","Off","1","0","On","0","1","0","0","0","0","0","1","0","0","0","0","0","0","0","0","1","0","0","0","0","0","0","0","0","0","0","0","0","0","0","0","1"
"1","Ch84","438.80000","434.00000","D-Digital","Low","12.5K","Off","Off","TG Alpha","Group Call","2355","TEST01","Always","Carrier","Off","1","1","1","Off","1","2","None","None","Off","Off","Off","Off","Normal Encryption","Off","On","Off","Off","251.1","0","Off","Off","Off","Off","Off","Off","1","0","On","0","1","0","0","0","0","0","1","0","0","0","0","0","0","0","0","1","0","0","0","0","0","0","0","0","0","0","0","0","0","0","0","1"
"1","Ch85","438.80000","434.00000","D-Digital","Low","12.5K","Off","Off","TG Alpha","Group Call","2355","TEST01","Always","Carrier","Off","1","1","1","Off","1","2","None","None","Off","Off","Off","Off","Normal Encryption","Off","On","Off","Off","251.1","0","Off","Off","Off","Off","Off","Off","1","0","On","0","1","0","0","0","0","0","1","0","0","0","0","0","0","0","0","1","0","0","0","0","0","0","0","0","0","0","0","0","0","0","0","1"
"1","Ch86","438.80000","434.00000","D-Digital","Low","12.5K","Off","Off","TG Alpha","Group Call","2355","TEST01","Always","Carrier","Off","1","1","1","Off","1","2","None","None","Off","Off","Off","Off","Normal Encryption","Off","On","Off","Off","251.1","0","Off","Off","Off","Off","Off","Off","1","0","On","0","1","0","0","0","0","0","1","0","0","0","0","0","0","0","0","1","0","0","0","0","0","0","0","0","0","0","0","0","0","0","0","1"
"1","Ch87","438.80000","434.00000","D-Digital","Low","12.5K","Off","Off","TG Alpha","Group Call","2355","TEST01","Always","Carrier","Off","1","1","1","Off","1","2","None","None","Off","Off","Off","Off","Normal Encryption","Off","On","Off","Off","251.1","0","Off","Off","Off","Off","Off","Off","1","0","On","0","1","0","0","0","0","0","1","0","0","0","0","0","0","0","0","1","0","0","0","0","0","0","0","0","0","0","0","0","0","0","0","1"
"1","Ch88","438.80000","434.00000","D-Digital","Low","12.5K","Off","Off","TG Alpha","Group Call","2355","TEST01","Always","Carrier","Off","1","1","1","Off","1","2","None","None","Off","Off","Off","Off","Normal Encryption","Off","On","Off","Off","251.1","0","Off","Off","Off","Off","Off","Off","1","0","On","0","1","0","0","0","0","0","1","0","0","0","0","0","0","0","0","1","0","0","0","0","0","0","0","0","0","0","0","0","0","0","0","1"
"1","Ch89","438.80000","434.00000","D-Digital","Low","12.5K","Off","Off","TG Alpha","Group Call","2355","TEST01","Always","Carrier","Off","1","1","1","Off","1","2","None","None","Off","Off","Off","Off","Normal Encryption","Off","On","Off","Off","251.1","0","Off","Off","Off","Off","Off","Off","1","0","On","0","1","0","0","0","0","0","1","0","0","0","0","0","0","0","0","1","0","0","0","0","0","0","0","0","0","0","0","0","0","0","0","1"
"1","Ch90","438.80000","434.00000","D-Digital","Low","12.5K","Off","Off","TG Alpha","Group Call","2355","TEST01","Always","Carrier","Off","1","1","1","Off","1","2","None","None","Off","Off","Off","Off","Normal Encryption","Off","On","Off","Off","251.1","0","Off","Off","Off","Off","Off","Off","1","0","On","0","1","0","0","0","0","0","1","0","0","0","0","0","0","0","0","1","0","0","0","0","0","0","0","0","0","0","0","0","0","0","0","1"
"1","Ch91","438.80000","434.00000","D-Digital","Low","12.5K","Off","Off","TG Alpha","Group Call","2355","TEST01","Always","Carrier","Off","1","1","1","Off","1","2","None","None","Off","Off","Off","Off","Normal Encryption","Off","On","Off","Off","251.1","0","Off","Off","Off","Off","Off","Off","1","0","On","0","1","0","0","0","0","0","1","0","0","0","0","0","0","0","0","1","0","0","0","0","0","0","0","0","0","0","0","0","0","0","0","1"
"1","Ch92","438.80000","434.00000","D-Digital","Low","12.5K","Off","Off","TG Alpha","Group Call","2355","TEST01","Always","Carrier","Off","1","1","1","Off","1","2","None","None","Off","Off","Off","Off","Normal Encryption","Off","On","Off","Off","251.1","0","Off","Off","Off","Off","Off","Off","1","0","On","0","1","0","0","0","0","0","1","0","0","0","0","0","0","0","0","1","0","0","0","0","0","0","0","0","0","0","0","0","0","0","0","1"
"1","Ch93","438.80000","434.00000","D-Digital","Low","12.5K","Off","Off","TG Alpha","Group Call","2355","TEST01","Always","Carrier","Off","1","1","1","Off","1","2","None","None","Off","Off","Off","Off","Normal Encryption","Off","On","Off","Off","251.1","0","Off","Off","Off","Off","Off","Off","1","0","On","0","1","0","0","0","0","0","1","0","0","0","0","0","0","0","0","1","0","0","0","0","0","0","0","0","0","0","0","0","0","0","0","1"
"1","Ch94","438.80000","434.00000","D-Digital","Low","12.5K","Off","Off","TG Alpha","Group Call","2355","TEST01","Always","Carrier","Off","1","1","1","Off","1","2","None","None","Off","Off","Off","Off","Normal Encryption","Off","On","Off","Off","251.1","0","Off","Off","Off","Off","Off","Off","1","0","On","0","1","0","0","0","0","0","1","0","0","0","0","0","0","0","0","1","0","0","0","0","0","0","0","0","0","0","0","0","0","0","0","1"
"1","Ch95","438.80000","434.00000","D-Digital","Low","12.5K","Off","Off","TG Alpha","Group Call","2355","TEST01","Always","Carrier","Off","1","1","1","Off","1","2","None","None","Off","Off","Off","Off","Normal Encryption","Off","On","Off","Off","251.1","0","Off","Off","Off","Off","Off","Off","1","0","On","0","1","0","0","0","0","0","1","0","0","0","0","0","0","0","0","1","0","0","0","0","0","0","0","0","0","0","0","0","0","0","0","1"
"1","Ch96","438.80000","434.00000","D-Digital","Low","12.5K","Off","Off","TG Alpha","Group Call","2355","TEST01","Always","Carrier","Off","1","1","1","Off","1","2","None","None","Off","Off","Off","Off","Normal Encryption","Off","On","Off","Off","251.1","0","Off","Off","Off","Off","Off","Off","1","0","On","0","1","0","0","0","0","0","1","0","0","0","0","0","0","0","0","1","0","0","0","0","0","0","0","0","0","0","0","0","0","0","0","1"
"1","Ch97","438.80000","434.00000","D-Digital","Low","12.5K","Off","Off","TG Alpha","Group Call","2355","TEST01","Always","Carrier","Off","1","1","1","Off","1","2","None","None","Off","Off","Off","Off","Normal Encryption","Off","On","Off","Off","251.1","0","Off","Off","Off","Off","Off","Off","1","0","On","0","1","0","0","0","0","0","1","0","0","0","0","0","0","0","0","1","0","0","0","0","0","0","0","0","0","0","0","0","0","0","0","1"
"1","Ch98","438.80000","434.00000","D-Digital","Low","12.5K","Off","Off","TG Alpha","Group Call","2355","TEST01","Always","Carrier","Off","1","1","1","Off","1","2","None","None","Off","Off","Off","Off","Normal Encryption","Off","On","Off","Off","251.1","0","Off","Off","Off","Off","Off","Off","1","0","On","0","1","0","0","0","0","0","1","0","0","0","0","0","0","0","0","1","0","0","0","0","0","0","0","0","0","0","0","0","0","0","0","1"
"1","Ch99","438.80000","434.00000","D-Digital","Low","12.5K","Off","Off","TG Alpha","Group Call","2355","TEST01","Always","Carrier","Off","1","1","1","Off","1","2","None","None","Off","Off","Off","Off","Normal Encryption","Off","On","Off","Off","251.1","0","Off","Off","Off","Off","Off","Off","1","0","On","0","1","0","0","0","0","0","1","0","0","0","0","0","0","0","0","1","0","0","0","0","0","0","0","0","0","0","0","0","0","0","0","1"
"1","Ch100","438.80000","434.00000","D-Digital","Low","12.5K","Off","Off","TG Alpha","Group Call","2355","TEST01","Always","Carrier","Off","1","1","1","Off","1","2","None","None","Off","Off","Off","Off","Normal Encryption","Off","On","Off","Off","251.1","0","Off","Off","Off","Off","Off","Off","1","0","On","0","1","0","0","0","0","0","1","0","0","0","0","0","0","0","0","1","0","0","0","0","0","0","0","0","0","0","0","0","0","0","0","1"
"1","Ch101","438.80000","434.00000","D-Digital","Low","12.5K","Off","Off","TG Alpha","Group Call","2355","TEST01","Always","Carrier","Off","1","1","1","Off","1","2","None","None","Off","Off","Off","Off","Normal Encryption","Off","On","Off","Off","251.1","0","Off","Off","Off","Off","Off","Off","1","0","On","0","1","0","0","0","0","0","1","0","0","0","0","0","0","0","0","1","0","0","0","0","0","0","0","0","0","0","0","0","0","0","0","1"
"1","Ch102","438.80000","434.00000","D-Digital","Low","12.5K","Off","Off","TG Alpha","Group Call","2355","TEST01","Always","Carrier","Off","1","1","1","Off","1","2","None","None","Off","Off","Off","Off","Normal Encryption","Off","On","Off","Off","251.1","0","Off","Off","Off","Off","Off","Off","1","0","On","0","1","0","0","0","0","0","1","0","0","0","0","0","0","0","0","1","0","0","0","0","0","0","0","0","0","0","0","0","0","0","0","1"
"1","Ch103","438.80000","434.00000","D-Digital","Low","12.5K","Off","Off","TG Alpha","Group Call","2355","TEST01","Always","Carrier","Off","1","1","1","Off","1","2","None","None","Off","Off","Off","Off","Normal Encryption","Off","On","Off","Off","251.1","0","Off","Off","Off","Off","Off","Off","1","0","On","0","1","0","0","0","0","0","1","0","0","0","0","0","0","0","0","1","0","0","0","0","0","0","0","0","0","0","0","0","0","0","0","1"
"1","Ch104","438.80000","434.00000","D-Digital","Low","12.5K","Off","Off","TG Alpha","Group Call","2355","TEST01","Always","Carrier","Off","1","1","1","Off","1","2","None","None","Off","Off","Off","Off","Normal Encryption","Off","On","Off","Off","251.1","0","Off","Off","Off","Off","Off","Off","1","0","On","0","1","0","0","0","0","0","1","0","0","0","0","0","0","0","0","1","0","0","0","0","0","0","0","0","0","0","0","0","0","0","0","1"
"1","Ch105","438.80000","434.00000","D-Digital","Low","12.5K","Off","Off","TG Alpha","Group Call","2355","TEST01","Always","Carrier","Off","1","1","1","Off","1","2","None","None","Off","Off","Off","Off","Normal Encryption","Off","On","Off","Off","251.1","0","Off","Off","Off","Off","Off","Off","1","0","On","0","1","0","0","0","0","0","1","0","0","0","0","0","0","0","0","1","0","0","0","0","0","0","0","0","0","0","0","0","0","0","0","1"
"1","Ch106","438.80000","434.00000","D-Digital","Low","12.5K","Off","Off","TG Alpha","Group Call","2355","TEST01","Always","Carrier","Off","1","1","1","Off","1","2","None","None","Off","Off","Off","Off","Normal Encryption","Off","On","Off","Off","251.1","0","Off","Off","Off","Off","Off","Off","1","0","On","0","1","0","0","0","0","0","1","0","0","0","0","0","0","0","0","1","0","0","0","0","0","0","0","0","0","0","0","0","0","0","0","1"
"1","Ch107","438.80000","434.00000","D-Digital","Low","12.5K","Off","Off","TG Alpha","Group Call","2355","TEST01","Always","Carrier","Off","1","1","1","Off","1","2","None","None","Off","Off","Off","Off","Normal Encryption","Off","On","Off","Off","251.1","0","Off","Off","Off","Off","Off","Off","1","0","On","0","1","0","0","0","0","0","1","0","0","0","0","0","0","0","0","1","0","0","0","0","0","0","0","0","0","0","0","0","0","0","0","1"
"1","Ch108","438.80000","434.00000","D-Digital","Low","12.5K","Off","Off","TG Alpha","Group Call","2355","TEST01","Always","Carrier","Off","1","1","1","Off","1","2","None","None","Off","Off","Off","Off","Normal Encryption","Off","On","Off","Off","251.1","0","Off","Off","Off","Off","Off","Off","1","0","On","0","1","0","0","0","0","0","1","0","0","0","0","0","0","0","0","1","0","0","0","0","0","0","0","0","0","0","0","0","0","0","0","1"
"1","Ch109","438.80000","434.00000","D-Digital","Low","12.5K","Off","Off","TG Alpha","Group Call","2355","TEST01","Always","Carrier","Off","1","1","1","Off","1","2","None","None","Off","Off","Off","Off","Normal Encryption","Off","On","Off","Off","251.1","0","Off","Off","Off","Off","Off","Off","1","0","On","0","1","0","0","0","0","0","1","0","0","0","0","0","0","0","0","1","0","0","0","0","0","0","0","0","0","0","0","0","0","0","0","1"
"1","Ch110","438.80000","434.00000","D-Digital","Low","12.5K","Off","Off","TG Alpha","Group Call","2355","TEST01","Always","Carrier","Off","1","1","1","Off","1","2","None","None","Off","Off","Off","Off","Normal Encryption","Off","On","Off","Off","251.1","0","Off","Off","Off","Off","Off","Off","1","0","On","0","1","0","0","0","0","0","1","0","0","0","0","0","0","0","0","1","0","0","0","0","0","0","0","0","0","0","0","0","0","0","0","1"
"1","Ch111","438.80000","434.00000","D-Digital","Low","12.5K","Off","Off","TG Alpha","Group Call","2355","TEST01","Always","Carrier","Off","1","1","1","Off","1","2","None","None","Off","Off","Off","Off","Normal Encryption","Off","On","Off","Off","251.1","0","Off","Off","Off","Off","Off","Off","1","0","On","0","1","0","0","0","0","0","1","0","0","0","0","0","0","0","0","1","0","0","0","0","0","0","0","0","0","0","0","0","0","0","0","1"
"1","Ch112","438.80000","434.00000","D-Digital","Low","12.5K","Off","Off","TG Alpha","Group Call","2355","TEST01","Always","Carrier","Off","1","1","1","Off","1","2","None","None","Off","Off","Off","Off","Normal Encryption","Off","On","Off","Off","251.1","0","Off","Off","Off","Off","Off","Off","1","0","On","0","1","0","0","0","0","0","1","0","0","0","0","0","0","0","0","1","0","0","0","0","0","0","0","0","0","0","0","0","0","0","0","1"
"1","Ch113","438.80000","434.00000","D-Digital","Low","12.5K","Off","Off","TG Alpha","Group Call","2355","TEST01","Always","Carrier","Off","1","1","1","Off","1","2","None","None","Off","Off","Off","Off","Normal Encryption","Off","On","Off","Off","251.1","0","Off","Off","Off","Off","Off","Off","1","0","On","0","1","0","0","0","0","0","1","0","0","0","0","0","0","0","0","1","0","0","0","0","0","0","0","0","0","0","0","0","0","0","0","1"
"1","Ch114","438.80000","434.00000","D-Digital","Low","12.5K","Off","Off","TG Alpha","Group Call","2355","TEST01","Always","Carrier","Off","1","1","1","Off","1","2","None","None","Off","Off","Off","Off","Normal Encryption","Off","On","Off","Off","251.1","0","Off","Off","Off","Off","Off","Off","1","0","On","0","1","0","0","0","0","0","1","0","0","0","0","0","0","0","0","1","0","0","0","0","0","0","0","0","0","0","0","0","0","0","0","1"
"1","Ch115","438.80000","434.00000","D-Digital","Low","12.5K","Off","Off","TG Alpha","Group Call","2355","TEST01","Always","Carrier","Off","1","1","1","Off","1","2","None","None","Off","Off","Off","Off","Normal Encryption","Off","On","Off","Off","251.1","0","Off","Off","Off","Off","Off","Off","1","0","On","0","1","0","0","0","0","0","1","0","0","0","0","0","0","0","0","1","0","0","0","0","0","0","0","0","0","0","0","0","0","0","0","1"
"1","Ch116","438.80000","434.00000","D-Digital","Low","12.5K","Off","Off","TG Alpha","Group Call","2355","TEST01","Always","Carrier","Off","1","1","1","Off","1","2","None","None","Off","Off","Off","Off","Normal Encryption","Off","On","Off","Off","251.1","0","Off","Off","Off","Off","Off","Off","1","0","On","0","1","0","0","0","0","0","1","0","0","0","0","0","0","0","0","1","0","0","0","0","0","0","0","0","0","0","0","0","0","0","0","1"
"1","Ch117","438.80000","434.00000","D-Digital","Low","12.5K","Off","Off","TG Alpha","Group Call","2355","TEST01","Always","Carrier","Off","1","1","1","Off","1","2","None","None","Off","Off","Off","Off","Normal Encryption","Off","On","Off","Off","251.1","0","Off","Off","Off","Off","Off","Off","1","0","On","0","1","0","0","0","0","0","1","0","0","0","0","0","0","0","0","1","0","0","0","0","0","0","0","0","0","0","0","0","0","0","0","1"
"1","Ch118","438.80000","434.00000","D-Digital","Low","12.5K","Off","Off","TG Alpha","Group Call","2355","TEST01","Always","Carrier","Off","1","1","1","Off","1","2","None","None","Off","Off","Off","Off","Normal Encryption","Off","On","Off","Off","251.1","0","Off","Off","Off","Off","Off","Off","1","0","On","0","1","0","0","0","0","0","1","0","0","0","0","0","0","0","0","1","0","0","0","0","0","0","0","0","0","0","0","0","0","0","0","1"
"1","Ch119","438.80000","434.00000","D-Digital","Low","12.5K","Off","Off","TG Alpha","Group Call","2355","TEST01","Always","Carrier","Off","1","1","1","Off","1","2","None","None","Off","Off","Off","Off","Normal Encryption","Off","On","Off","Off","251.1","0","Off","Off","Off","Off","Off","Off","1","0","On","0","1","0","0","0","0","0","1","0","0","0","0","0","0","0","0","1","0","0","0","0","0","0","0","0","0","0","0","0","0","0","0","1"
"1","Ch120","438.80000","434.00000","D-Digital","Low","12.5K","Off","Off","TG Alpha","Group Call","2355","TEST01","Always","Carrier","Off","1","1","1","Off","1","2","None","None","Off","Off","Off","Off","Normal Encryption","Off","On","Off","Off","251.1","0","Off","Off","Off","Off","Off","Off","1","0","On","0","1","0","0","0","0","0","1","0","0","0","0","0","0","0","0","1","0","0","0","0","0","0","0","0","0","0","0","0","0","0","0","1"
"1","Ch121","438.80000","434.00000","D-Digital","Low","12.5K","Off","Off","TG Alpha","Group Call","2355","TEST01","Always","Carrier","Off","1","1","1","Off","1","2","None","None","Off","Off","Off","Off","Normal Encryption","Off","On","Off","Off","251.1","0","Off","Off","Off","Off","Off","Off","1","0","On","0","1","0","0","0","0","0","1","0","0","0","0","0","0","0","0","1","0","0","0","0","0","0","0","0","0","0","0","0","0","0","0","1"
"1","Ch122","438.80000","434.00000","D-Digital","Low","12.5K","Off","Off","TG Alpha","Group Call","2355","TEST01","Always","Carrier","Off","1","1","1","Off","1","2","None","None","Off","Off","Off","Off","Normal Encryption","Off","On","Off","Off","251.1","0","Off","Off","Off","Off","Off","Off","1","0","On","0","1","0","0","0","0","0","1","0","0","0","0","0","0","0","0","1","0","0","0","0","0","0","0","0","0","0","0","0","0","0","0","1"
"1","Ch123","438.80000","434.00000","D-Digital","Low","12.5K","Off","Off","TG Alpha","Group Call","2355","TEST01","Always","Carrier","Off","1","1","1","Off","1","2","None","None","Off","Off","Off","Off","Normal Encryption","Off","On","Off","Off","251.1","0","Off","Off","Off","Off","Off","Off","1","0","On","0","1","0","0","0","0","0","1","0","0","0","0","0","0","0","0","1","0","0","0","0","0","0","0","0","0","0","0","0","0","0","0","1"
"1","Ch124","438.80000","434.00000","D-Digital","Low","12.5K","Off","Off","TG Alpha","Group Call","2355","TEST01","Always","Carrier","Off","1","1","1","Off","1","2","None","None","Off","Off","Off","Off","Normal Encryption","Off","On","Off","Off","251.1","0","Off","Off","Off","Off","Off","Off","1","0","On","0","1","0","0","0","0","0","1","0","0","0","0","0","0","0","0","1","0","0","0","0","0","0","0","0","0","0","0","0","0","0","0","1"
"1","Ch125","438.80000","434.00000","D-Digital","Low","12.5K","Off","Off","TG Alpha","Group Call","2355","TEST01","Always","Carrier","Off","1","1","1","Off","1","2","None","None","Off","Off","Off","Off","Normal Encryption","Off","On","Off","Off","251.1","0","Off","Off","Off","Off","Off","Off","1","0","On","0","1","0","0","0","0","0","1","0","0","0","0","0","0","0","0","1","0","0","0","0","0","0","0","0","0","0","0","0","0","0","0","1"
"1","Ch126","438.80000","434.00000","D-Digital","Low","12.5K","Off","Off","TG Alpha","Group Call","2355","TEST01","Always","Carrier","Off","1","1","1","Off","1","2","None","None","Off","Off","Off","Off","Normal Encryption","Off","On","Off","Off","251.1","0","Off","Off","Off","Off","Off","Off","1","0","On","0","1","0","0","0","0","0","1","0","0","0","0","0","0","0","0","1","0","0","0","0","0","0","0","0","0","0","0","0","0","0","0","1"
"1","Ch127","438.80000","434.00000","D-Digital","Low","12.5K","Off","Off","TG Alpha","Group Call","2355","TEST01","Always","Carrier","Off","1","1","1","Off","1","2","None","None","Off","Off","Off","Off","Normal Encryption","Off","On","Off","Off","251.1","0","Off","Off","Off","Off","Off","Off","1","0","On","0","1","0","0","0","0","0","1","0","0","0","0","0","0","0","0","1","0","0","0","0","0","0","0","0","0","0","0","0","0","0","0","1"
"1","Ch128","438.80000","434.00000","D-Digital","Low","12.5K","Off","Off","TG Alpha","Group Call","2355","TEST01","Always","Carrier","Off","1","1","1","Off","1","2","None","None","Off","Off","Off","Off","Normal Encryption","Off","On","Off","Off","251.1","0","Off","Off","Off","Off","Off","Off","1","0","On","0","1","0","0","0","0","0","1","0","0","0","0","0","0","0","0","1","0","0","0","0","0","0","0","0","0","0","0","0","0","0","0","1"
"1","Ch129","438.80000","434.00000","D-Digital","Low","12.5K","Off","Off","TG Alpha","Group Call","2355","TEST01","Always","Carrier","Off","1","1","1","Off","1","2","None","None","Off","Off","Off","Off","Normal Encryption","Off","On","Off","Off","251.1","0","Off","Off","Off","Off","Off","Off","1","0","On","0","1","0","0","0","0","0","1","0","0","0","0","0","0","0","0","1","0","0","0","0","0","0","0","0","0","0","0","0","0","0","0","1"
"1","Ch130","438.80000","434.00000","D-Digital","Low","12.5K","Off","Off","TG Alpha","Group Call","2355","TEST01","Always","Carrier","Off","1","1","1","Off","1","2","None","None","Off","Off","Off","Off","Normal Encryption","Off","On","Off","Off","251.1","0","Off","Off","Off","Off","Off","Off","1","0","On","0","1","0","0","0","0","0","1","0","0","0","0","0","0","0","0","1","0","0","0","0","0","0","0","0","0","0","0","0","0","0","0","1"
"1","Ch131","438.80000","434.00000","D-Digital","Low","12.5K","Off","Off","TG Alpha","Group Call","2355","TEST01","Always","Carrier","Off","1","1","1","Off","1","2","None","None","Off","Off","Off","Off","Normal Encryption","Off","On","Off","Off","251.1","0","Off","Off","Off","Off","Off","Off","1","0","On","0","1","0","0","0","0","0","1","0","0","0","0","0","0","0","0","1","0","0","0","0","0","0","0","0","0","0","0","0","0","0","0","1"
"1","Ch132","438.80000","434.00000","D-Digital","Low","12.5K","Off","Off","TG Alpha","Group Call","2355","TEST01","Always","Carrier","Off","1","1","1","Off","1","2","None","None","Off","Off","Off","Off","Normal Encryption","Off","On","Off","Off","251.1","0","Off","Off","Off","Off","Off","Off","1","0","On","0","1","0","0","0","0","0","1","0","0","0","0","0","0","0","0","1","0","0","0","0","0","0","0","0","0","0","0","0","0","0","0","1"
"1","Ch133","438.80000","434.00000","D-Digital","Low","12.5K","Off","Off","TG Alpha","Group Call","2355","TEST01","Always","Carrier","Off","1","1","1","Off","1","2","None","None","Off","Off","Off","Off","Normal Encryption","Off","On","Off","Off","251.1","0","Off","Off","Off","Off","Off","Off","1","0","On","0","1","0","0","0","0","0","1","0","0","0","0","0","0","0","0","1","0","0","0","0","0","0","0","0","0","0","0","0","0","0","0","1"
"1","Ch134","438.80000","434.00000","D-Digital","Low","12.5K","Off","Off","TG Alpha","Group Call","2355","TEST01","Always","Carrier","Off","1","1","1","Off","1","2","None","None","Off","Off","Off","Off","Normal Encryption","Off","On","Off","Off","251.1","0","Off","Off","Off","Off","Off","Off","1","0","On","0","1","0","0","0","0","0","1","0","0","0","0","0","0","0","0","1","0","0","0","0","0","0","0","0","0","0","0","0","0","0","0","1"
"1","Ch135","438.80000","434.00000","D-Digital","Low","12.5K","Off","Off","TG Alpha","Group Call","2355","TEST01","Always","Carrier","Off","1","1","1","Off","1","2","None","None","Off","Off","Off","Off","Normal Encryption","Off","On","Off","Off","251.1","0","Off","Off","Off","Off","Off","Off","1","0","On","0","1","0","0","0","0","0","1","0","0","0","0","0","0","0","0","1","0","0","0","0","0","0","0","0","0","0","0","0","0","0","0","1"
"1","Ch136","438.80000","434.00000","D-Digital","Low","12.5K","Off","Off","TG Alpha","Group Call","2355","TEST01","Always","Carrier","Off","1","1","1","Off","1","2","None","None","Off","Off","Off","Off","Normal Encryption","Off","On","Off","Off","251.1","0","Off","Off","Off","Off","Off","Off","1","0","On","0","1","0","0","0","0","0","1","0","0","0","0","0","0","0","0","1","0","0","0","0","0","0","0","0","0","0","0","0","0","0","0","1"
"1","Ch137","438.80000","434.00000","D-Digital","Low","12.5K","Off","Off","TG Alpha","Group Call","2355","TEST01","Always","Carrier","Off","1","1","1","Off","1","2","None","None","Off","Off","Off","Off","Normal Encryption","Off","On","Off","Off","251.1","0","Off","Off","Off","Off","Off","Off","1","0","On","0","1","0","0","0","0","0","1","0","0","0","0","0","0","0","0","1","0","0","0","0","0","0","0","0","0","0","0","0","0","0","0","1"
"1","Ch138","438.80000","434.00000","D-Digital","Low","12.5K","Off","Off","TG Alpha","Group Call","2355","TEST01","Always","Carrier","Off","1","1","1","Off","1","2","None","None","Off","Off","Off","Off","Normal Encryption","Off","On","Off","Off","251.1","0","Off","Off","Off","Off","Off","Off","1","0","On","0","1","0","0","0","0","0","1","0","0","0","0","0","0","0","0","1","0","0","0","0","0","0","0","0","0","0","0","0","0","0","0","1"
"1","Ch139","438.80000","434.00000","D-Digital","Low","12.5K","Off","Off","TG Alpha","Group Call","2355","TEST01","Always","Carrier","Off","1","1","1","Off","1","2","None","None","Off","Off","Off","Off","Normal Encryption","Off","On","Off","Off","251.1","0","Off","Off","Off","Off","Off","Off","1","0","On","0","1","0","0","0","0","0","1","0","0","0","0","0","0","0","0","1","0","0","0","0","0","0","0","0","0","0","0","0","0","0","0","1"
"1","Ch140","438.80000","434.00000","D-Digital","Low","12.5K","Off","Off","TG Alpha","Group Call","2355","TEST01","Always","Carrier","Off","1","1","1","Off","1","2","None","None","Off","Off","Off","Off","Normal Encryption","Off","On","Off","Off","251.1","0","Off","Off","Off","Off","Off","Off","1","0","On","0","1","0","0","0","0","0","1","0","0","0","0","0","0","0","0","1","0","0","0","0","0","0","0","0","0","0","0","0","0","0","0","1"
"1","Ch141","438.80000","434.00000","D-Digital","Low","12.5K","Off","Off","TG Alpha","Group Call","2355","TEST01","Always","Carrier","Off","1","1","1","Off","1","2","None","None","Off","Off","Off","Off","Normal Encryption","Off","On","Off","Off","251.1","0","Off","Off","Off","Off","Off","Off","1","0","On","0","1","0","0","0","0","0","1","0","0","0","0","0","0","0","0","1","0","0","0","0","0","0","0","0","0","0","0","0","0","0","0","1"
"1","Ch142","438.80000","434.00000","D-Digital","Low","12.5K","Off","Off","TG Alpha","Group Call","2355","TEST01","Always","Carrier","Off","1","1","1","Off","1","2","None","None","Off","Off","Off","Off","Normal Encryption","Off","On","Off","Off","251.1","0","Off","Off","Off","Off","Off","Off","1","0","On","0","1","0","0","0","0","0","1","0","0","0","0","0","0","0","0","1","0","0","0","0","0","0","0","0","0","0","0","0","0","0","0","1"
"1","Ch143","438.80000","434.00000","D-Digital","Low","12.5K","Off","Off","TG Alpha","Group Call","2355","TEST01","Always","Carrier","Off","1","1","1","Off","1","2","None","None","Off","Off","Off","Off","Normal Encryption","Off","On","Off","Off","251.1","0","Off","Off","Off","Off","Off","Off","1","0","On","0","1","0","0","0","0","0","1","0","0","0","0","0","0","0","0","1","0","0","0","0","0","0","0","0","0","0","0","0","0","0","0","1"
"1","Ch144","438.80000","434.00000","D-Digital","Low","12.5K","Off","Off","TG Alpha","Group Call","2355","TEST01","Always","Carrier","Off","1","1","1","Off","1","2","None","None","Off","Off","Off","Off","Normal Encryption","Off","On","Off","Off","251.1","0","Off","Off","Off","Off","Off","Off","1","0","On","0","1","0","0","0","0","0","1","0","0","0","0","0","0","0","0","1","0","0","0","0","0","0","0","0","0","0","0","0","0","0","0","1"
"1","Ch145","438.80000","434.00000","D-Digital","Low","12.5K","Off","Off","TG Alpha","Group Call","2355","TEST01","Always","Carrier","Off","1","1","1","Off","1","2","None","None","Off","Off","Off","Off","Normal Encryption","Off","On","Off","Off","251.1","0","Off","Off","Off","Off","Off","Off","1","0","On","0","1","0","0","0","0","0","1","0","0","0","0","0","0","0","0","1","0","0","0","0","0","0","0","0","0","0","0","0","0","0","0","1"
"1","Ch146","438.80000","434.00000","D-Digital","Low","12.5K","Off","Off","TG Alpha","Group Call","2355","TEST01","Always","Carrier","Off","1","1","1","Off","1","2","None","None","Off","Off","Off","Off","Normal Encryption","Off","On","Off","Off","251.1","0","Off","Off","Off","Off","Off","Off","1","0","On","0","1","0","0","0","0","0","1","0","0","0","0","0","0","0","0","1","0","0","0","0","0","0","0","0","0","0","0","0","0","0","0","1"
"1","Ch147","438.80000","434.00000","D-Digital","Low","12.5K","Off","Off","TG Alpha","Group Call","2355","TEST01","Always","Carrier","Off","1","1","1","Off","1","2","None","None","Off","Off","Off","Off","Normal Encryption","Off","On","Off","Off","251.1","0","Off","Off","Off","Off","Off","Off","1","0","On","0","1","0","0","0","0","0","1","0","0","0","0","0","0","0","0","1","0","0","0","0","0","0","0","0","0","0","0","0","0","0","0","1"
"1","Ch148","438.80000","434.00000","D-Digital","Low","12.5K","Off","Off","TG Alpha","Group Call","2355","TEST01","Always","Carrier","Off","1","1","1","Off","1","2","None","None","Off","Off","Off","Off","Normal Encryption","Off","On","Off","Off","251.1","0","Off","Off","Off","Off","Off","Off","1","0","On","0","1","0","0","0","0","0","1","0","0","0","0","0","0","0","0","1","0","0","0","0","0","0","0","0","0","0","0","0","0","0","0","1"
"1","Ch149","438.80000","434.00000","D-Digital","Low","12.5K","Off","Off","TG Alpha","Group Call","2355","TEST01","Always","Carrier","Off","1","1","1","Off","1","2","None","None","Off","Off","Off","Off","Normal Encryption","Off","On","Off","Off","251.1","0","Off","Off","Off","Off","Off","Off","1","0","On","0","1","0","0","0","0","0","1","0","0","0","0","0","0","0","0","1","0","0","0","0","0","0","0","0","0","0","0","0","0","0","0","1"
"1","Ch150","438.80000","434.00000","D-Digital","Low","12.5K","Off","Off","TG Alpha","Group Call","2355","TEST01","Always","Carrier","Off","1","1","1","Off","1","2","None","None","Off","Off","Off","Off","Normal Encryption","Off","On","Off","Off","251.1","0","Off","Off","Off","Off","Off","Off","1","0","On","0","1","0","0","0","0","0","1","0","0","0","0","0","0","0","0","1","0","0","0","0","0","0","0","0","0","0","0","0","0","0","0","1"
"1","Ch151","438.80000","434.00000","D-Digital","Low","12.5K","Off","Off","TG Alpha","Group Call","2355","TEST01","Always","Carrier","Off","1","1","1","Off","1","2","None","None","Off","Off","Off","Off","Normal Encryption","Off","On","Off","Off","251.1","0","Off","Off","Off","Off","Off","Off","1","0","On","0","1","0","0","0","0","0","1","0","0","0","0","0","0","0","0","1","0","0","0","0","0","0","0","0","0","0","0","0","0","0","0","1"
"1","Ch152","438.80000","434.00000","D-Digital","Low","12.5K","Off","Off","TG Alpha","Group Call","2355","TEST01","Always","Carrier","Off","1","1","1","Off","1","2","None","None","Off","Off","Off","Off","Normal Encryption","Off","On","Off","Off","251.1","0","Off","Off","Off","Off","Off","Off","1","0","On","0","1","0","0","0","0","0","1","0","0","0","0","0","0","0","0","1","0","0","0","0","0","0","0","0","0","0","0","0","0","0","0","1"
"1","Ch153","438.80000","434.00000","D-Digital","Low","12.5K","Off","Off","TG Alpha","Group Call","2355","TEST01","Always","Carrier","Off","1","1","1","Off","1","2","None","None","Off","Off","Off","Off","Normal Encryption","Off","On","Off","Off","251.1","0","Off","Off","Off","Off","Off","Off","1","0","On","0","1","0","0","0","0","0","1","0","0","0","0","0","0","0","0","1","0","0","0","0","0","0","0","0","0","0","0","0","0","0","0","1"
"1","Ch154","438.80000","434.00000","D-Digital","Low","12.5K","Off","Off","TG Alpha","Group Call","2355","TEST01","Always","Carrier","Off","1","1","1","Off","1","2","None","None","Off","Off","Off","Off","Normal Encryption","Off","On","Off","Off","251.1","0","Off","Off","Off","Off","Off","Off","1","0","On","0","1","0","0","0","0","0","1","0","0","0","0","0","0","0","0","1","0","0","0","0","0","0","0","0","0","0","0","0","0","0","0","1"
"1","Ch155","438.80000","434.00000","D-Digital","Low","12.5K","Off","Off","TG Alpha","Group Call","2355","TEST01","Always","Carrier","Off","1","1","1","Off","1","2","None","None","Off","Off","Off","Off","Normal Encryption","Off","On","Off","Off","251.1","0","Off","Off","Off","Off","Off","Off","1","0","On","0","1","0","0","0","0","0","1","0","0","0","0","0","0","0","0","1","0","0","0","0","0","0","0","0","0","0","0","0","0","0","0","1"
"1","Ch156","438.80000","434.00000","D-Digital","Low","12.5K","Off","Off","TG Alpha","Group Call","2355","TEST01","Always","Carrier","Off","1","1","1","Off","1","2","None","None","Off","Off","Off","Off","Normal Encryption","Off","On","Off","Off","251.1","0","Off","Off","Off","Off","Off","Off","1","0","On","0","1","0","0","0","0","0","1","0","0","0","0","0","0","0","0","1","0","0","0","0","0","0","0","0","0","0","0","0","0","0","0","1"
"1","Ch157","438.80000","434.00000","D-Digital","Low","12.5K","Off","Off","TG Alpha","Group Call","2355","TEST01","Always","Carrier","Off","1","1","1","Off","1","2","None","None","Off","Off","Off","Off","Normal Encryption","Off","On","Off","Off","251.1","0","Off","Off","Off","Off","Off","Off","1","0","On","0","1","0","0","0","0","0","1","0","0","0","0","0","0","0","0","1","0","0","0","0","0","0","0","0","0","0","0","0","0","0","0","1"
"1","Ch158","438.80000","434.00000","D-Digital","Low","12.5K","Off","Off","TG Alpha","Group Call","2355","TEST01","Always","Carrier","Off","1","1","1","Off","1","2","None","None","Off","Off","Off","Off","Normal Encryption","Off","On","Off","Off","251.1","0","Off","Off","Off","Off","Off","Off","1","0","On","0","1","0","0","0","0","0","1","0","0","0","0","0","0","0","0","1","0","0","0","0","0","0","0","0","0","0","0","0","0","0","0","1"
"1","Ch159","438.80000","434.00000","D-Digital","Low","12.5K","Off","Off","TG Alpha","Group Call","2355","TEST01","Always","Carrier","Off","1","1","1","Off","1","2","None","None","Off","Off","Off","Off","Normal Encryption","Off","On","Off","Off","251.1","0","Off","Off","Off","Off","Off","Off","1","0","On","0","1","0","0","0","0","0","1","0","0","0","0","0","0","0","0","1","0","0","0","0","0","0","0","0","0","0","0","0","0","0","0","1"
"1","Ch160","438.80000","434.00000","D-Digital","Low","12.5K","Off","Off","TG Alpha","Group Call","2355","TEST01","Always","Carrier","Off","1","1","1","Off","1","2","None","None","Off","Off","Off","Off","Normal Encryption","Off","On","Off","Off","251.1","0","Off","Off","Off","Off","Off","Off","1","0","On","0","1","0","0","0","0","0","1","0","0","0","0","0","0","0","0","1","0","0","0","0","0","0","0","0","0","0","0","0","0","0","0","1"
"1","Ch161","438.80000","434.00000","D-Digital","Low","12.5K","Off","Off","TG Alpha","Group Call","2355","TEST01","Always","Carrier","Off","1","1","1","Off","1","2","None","None","Off","Off","Off","Off","Normal Encryption","Off","On","Off","Off","251.1","0","Off","Off","Off","Off","Off","Off","1","0","On","0","1","0","0","0","0","0","1","0","0","0","0","0","0","0","0","1","0","0","0","0","0","0","0","0","0","0","0","0","0","0","0","1"
"1","Ch162","438.80000","434.00000","D-Digital","Low","12.5K","Off","Off","TG Alpha","Group Call","2355","TEST01","Always","Carrier","Off","1","1","1","Off","1","2","None","None","Off","Off","Off","Off","Normal Encryption","Off","On","Off","Off","251.1","0","Off","Off","Off","Off","Off","Off","1","0","On","0","1","0","0","0","0","0","1","0","0","0","0","0","0","0","0","1","0","0","0","0","0","0","0","0","0","0","0","0","0","0","0","1"
"1","Ch163","438.80000","434.00000","D-Digital","Low","12.5K","Off","Off","TG Alpha","Group Call","2355","TEST01","Always","Carrier","Off","1","1","1","Off","1","2","None","None","Off","Off","Off","Off","Normal Encryption","Off","On","Off","Off","251.1","0","Off","Off","Off","Off","Off","Off","1","0","On","0","1","0","0","0","0","0","1","0","0","0","0","0","0","0","0","1","0","0","0","0","0","0","0","0","0","0","0","0","0","0","0","1"
"1","Ch164","438.80000","434.00000","D-Digital","Low","12.5K","Off","Off","TG Alpha","Group Call","2355","TEST01","Always","Carrier","Off","1","1","1","Off","1","2","None","None","Off","Off","Off","Off","Normal Encryption","Off","On","Off","Off","251.1","0","Off","Off","Off","Off","Off","Off","1","0","On","0","1","0","0","0","0","0","1","0","0","0","0","0","0","0","0","1","0","0","0","0","0","0","0","0","0","0","0","0","0","0","0","1"
"1","Ch165","438.80000","434.00000","D-Digital","Low","12.5K","Off","Off","TG Alpha","Group Call","2355","TEST01","Always","Carrier","Off","1","1","1","Off","1","2","None","None","Off","Off","Off","Off","Normal Encryption","Off","On","Off","Off","251.1","0","Off","Off","Off","Off","Off","Off","1","0","On","0","1","0","0","0","0","0","1","0","0","0","0","0","0","0","0","1","0","0","0","0","0","0","0","0","0","0","0","0","0","0","0","1"
"1","Ch166","438.80000","434.00000","D-Digital","Low","12.5K","Off","Off","TG Alpha","Group Call","2355","TEST01","Always","Carrier","Off","1","1","1","Off","1","2","None","None","Off","Off","Off","Off","Normal Encryption","Off","On","Off","Off","251.1","0","Off","Off","Off","Off","Off","Off","1","0","On","0","1","0","0","0","0","0","1","0","0","0","0","0","0","0","0","1","0","0","0","0","0","0","0","0","0","0","0","0","0","0","0","1"
"1","Ch167","438.80000","434.00000","D-Digital","Low","12.5K","Off","Off","TG Alpha","Group Call","2355","TEST01","Always","Carrier","Off","1","1","1","Off","1","2","None","None","Off","Off","Off","Off","Normal Encryption","Off","On","Off","Off","251.1","0","Off","Off","Off","Off","Off","Off","1","0","On","0","1","0","0","0","0","0","1","0","0","0","0","0","0","0","0","1","0","0","0","0","0","0","0","0","0","0","0","0","0","0","0","1"
"1","Ch168","438.80000","434.00000","D-Digital","Low","12.5K","Off","Off","TG Alpha","Group Call","2355","TEST01","Always","Carrier","Off","1","1","1","Off","1","2","None","None","Off","Off","Off","Off","Normal Encryption","Off","On","Off","Off","251.1","0","Off","Off","Off","Off","Off","Off","1","0","On","0","1","0","0","0","0","0","1","0","0","0","0","0","0","0","0","1","0","0","0","0","0","0","0","0","0","0","0","0","0","0","0","1"
"1","Ch169","438.80000","434.00000","D-Digital","Low","12.5K","Off","Off","TG Alpha","Group Call","2355","TEST01","Always","Carrier","Off","1","1","1","Off","1","2","None","None","Off","Off","Off","Off","Normal Encryption","Off","On","Off","Off","251.1","0","Off","Off","Off","Off","Off","Off","1","0","On","0","1","0","0","0","0","0","1","0","0","0","0","0","0","0","0","1","0","0","0","0","0","0","0","0","0","0","0","0","0","0","0","1"
"1","Ch170","438.80000","434.00000","D-Digital","Low","12.5K","Off","Off","TG Alpha","Group Call","2355","TEST01","Always","Carrier","Off","1","1","1","Off","1","2","None","None","Off","Off","Off","Off","Normal Encryption","Off","On","Off","Off","251.1","0","Off","Off","Off","Off","Off","Off","1","0","On","0","1","0","0","0","0","0","1","0","0","0","0","0","0","0","0","1","0","0","0","0","0","0","0","0","0","0","0","0","0","0","0","1"
"1","Ch171","438.80000","434.00000","D-Digital","Low","12.5K","Off","Off","TG Alpha","Group Call","2355","TEST01","Always","Carrier","Off","1","1","1","Off","1","2","None","None","Off","Off","Off","Off","Normal Encryption","Off","On","Off","Off","251.1","0","Off","Off","Off","Off","Off","Off","1","0","On","0","1","0","0","0","0","0","1","0","0","0","0","0","0","0","0","1","0","0","0","0","0","0","0","0","0","0","0","0","0","0","0","1"
"1","Ch172","438.80000","434.00000","D-Digital","Low","12.5K","Off","Off","TG Alpha","Group Call","2355","TEST01","Always","Carrier","Off","1","1","1","Off","1","2","None","None","Off","Off","Off","Off","Normal Encryption","Off","On","Off","Off","251.1","0","Off","Off","Off","Off","Off","Off","1","0","On","0","1","0","0","0","0","0","1","0","0","0","0","0","0","0","0","1","0","0","0","0","0","0","0","0","0","0","0","0","0","0","0","1"
"1","Ch173","438.80000","434.00000","D-Digital","Low","12.5K","Off","Off","TG Alpha","Group Call","2355","TEST01","Always","Carrier","Off","1","1","1","Off","1","2","None","None","Off","Off","Off","Off","Normal Encryption","Off","On","Off","Off","251.1","0","Off","Off","Off","Off","Off","Off","1","0","On","0","1","0","0","0","0","0","1","0","0","0","0","0","0","0","0","1","0","0","0","0","0","0","0","0","0","0","0","0","0","0","0","1"
"1","Ch174","438.80000","434.00000","D-Digital","Low","12.5K","Off","Off","TG Alpha","Group Call","2355","TEST01","Always","Carrier","Off","1","1","1","Off","1","2","None","None","Off","Off","Off","Off","Normal Encryption","Off","On","Off","Off","251.1","0","Off","Off","Off","Off","Off","Off","1","0","On","0","1","0","0","0","0","0","1","0","0","0","0","0","0","0","0","1","0","0","0","0","0","0","0","0","0","0","0","0","0","0","0","1"
"1","Ch175","438.80000","434.00000","D-Digital","Low","12.5K","Off","Off","TG Alpha","Group Call","2355","TEST01","Always","Carrier","Off","1","1","1","Off","1","2","None","None","Off","Off","Off","Off","Normal Encryption","Off","On","Off","Off","251.1","0","Off","Off","Off","Off","Off","Off","1","0","On","0","1","0","0","0","0","0","1","0","0","0","0","0","0","0","0","1","0","0","0","0","0","0","0","0","0","0","0","0","0","0","0","1"
"1","Ch176","438.80000","434.00000","D-Digital","Low","12.5K","Off","Off","TG Alpha","Group Call","2355","TEST01","Always","Carrier","Off","1","1","1","Off","1","2","None","None","Off","Off","Off","Off","Normal Encryption","Off","On","Off","Off","251.1","0","Off","Off","Off","Off","Off","Off","1","0","On","0","1","0","0","0","0","0","1","0","0","0","0","0","0","0","0","1","0","0","0","0","0","0","0","0","0","0","0","0","0","0","0","1"
"1","Ch177","438.80000","434.00000","D-Digital","Low","12.5K","Off","Off","TG Alpha","Group Call","2355","TEST01","Always","Carrier","Off","1","1","1","Off","1","2","None","None","Off","Off","Off","Off","Normal Encryption","Off","On","Off","Off","251.1","0","Off","Off","Off","Off","Off","Off","1","0","On","0","1","0","0","0","0","0","1","0","0","0","0","0","0","0","0","1","0","0","0","0","0","0","0","0","0","0","0","0","0","0","0","1"
"1","Ch178","438.80000","434.00000","D-Digital","Low","12.5K","Off","Off","TG Alpha","Group Call","2355","TEST01","Always","Carrier","Off","1","1","1","Off","1","2","None","None","Off","Off","Off","Off","Normal Encryption","Off","On","Off","Off","251.1","0","Off","Off","Off","Off","Off","Off","1","0","On","0","1","0","0","0","0","0","1","0","0","0","0","0","0","0","0","1","0","0","0","0","0","0","0","0","0","0","0","0","0","0","0","1"
"1","Ch179","438.80000","434.00000","D-Digital","Low","12.5K","Off","Off","TG Alpha","Group Call","2355","TEST01","Always","Carrier","Off","1","1","1","Off","1","2","None","None","Off","Off","Off","Off","Normal Encryption","Off","On","Off","Off","251.1","0","Off","Off","Off","Off","Off","Off","1","0","On","0","1","0","0","0","0","0","1","0","0","0","0","0","0","0","0","1","0","0","0","0","0","0","0","0","0","0","0","0","0","0","0","1"
"1","Ch180","438.80000","434.00000","D-Digital","Low","12.5K","Off","Off","TG Alpha","Group Call","2355","TEST01","Always","Carrier","Off","1","1","1","Off","1","2","None","None","Off","Off","Off","Off","Normal Encryption","Off","On","Off","Off","251.1","0","Off","Off","Off","Off","Off","Off","1","0","On","0","1","0","0","0","0","0","1","0","0","0","0","0","0","0","0","1","0","0","0","0","0","0","0","0","0","0","0","0","0","0","0","1"
"1","Ch181","438.80000","434.00000","D-Digital","Low","12.5K","Off","Off","TG Alpha","Group Call","2355","TEST01","Always","Carrier","Off","1","1","1","Off","1","2","None","None","Off","Off","Off","Off","Normal Encryption","Off","On","Off","Off","251.1","0","Off","Off","Off","Off","Off","Off","1","0","On","0","1","0","0","0","0","0","1","0","0","0","0","0","0","0","0","1","0","0","0","0","0","0","0","0","0","0","0","0","0","0","0","1"
"1","Ch182","438.80000","434.00000","D-Digital","Low","12.5K","Off","Off","TG Alpha","Group Call","2355","TEST01","Always","Carrier","Off","1","1","1","Off","1","2","None","None","Off","Off","Off","Off","Normal Encryption","Off","On","Off","Off","251.1","0","Off","Off","Off","Off","Off","Off","1","0","On","0","1","0","0","0","0","0","1","0","0","0","0","0","0","0","0","1","0","0","0","0","0","0","0","0","0","0","0","0","0","0","0","1"
"1","Ch183","438.80000","434.00000","D-Digital","Low","12.5K","Off","Off","TG Alpha","Group Call","2355","TEST01","Always","Carrier","Off","1","1","1","Off","1","2","None","None","Off","Off","Off","Off","Normal Encryption","Off","On","Off","Off","251.1","0","Off","Off","Off","Off","Off","Off","1","0","On","0","1","0","0","0","0","0","1","0","0","0","0","0","0","0","0","1","0","0","0","0","0","0","0","0","0","0","0","0","0","0","0","1"
"1","Ch184","438.80000","434.00000","D-Digital","Low","12.5K","Off","Off","TG Alpha","Group Call","2355","TEST01","Always","Carrier","Off","1","1","1","Off","1","2","None","None","Off","Off","Off","Off","Normal Encryption","Off","On","Off","Off","251.1","0","Off","Off","Off","Off","Off","Off","1","0","On","0","1","0","0","0","0","0","1","0","0","0","0","0","0","0","0","1","0","0","0","0","0","0","0","0","0","0","0","0","0","0","0","1"
"1","Ch185","438.80000","434.00000","D-Digital","Low","12.5K","Off","Off","TG Alpha","Group Call","2355","TEST01","Always","Carrier","Off","1","1","1","Off","1","2","None","None","Off","Off","Off","Off","Normal Encryption","Off","On","Off","Off","251.1","0","Off","Off","Off","Off","Off","Off","1","0","On","0","1","0","0","0","0","0","1","0","0","0","0","0","0","0","0","1","0","0","0","0","0","0","0","0","0","0","0","0","0","0","0","1"
"1","Ch186","438.80000","434.00000","D-Digital","Low","12.5K","Off","Off","TG Alpha","Group Call","2355","TEST01","Always","Carrier","Off","1","1","1","Off","1","2","None","None","Off","Off","Off","Off","Normal Encryption","Off","On","Off","Off","251.1","0","Off","Off","Off","Off","Off","Off","1","0","On","0","1","0","0","0","0","0","1","0","0","0","0","0","0","0","0","1","0","0","0","0","0","0","0","0","0","0","0","0","0","0","0","1"
"1","Ch187","438.80000","434.00000","D-Digital","Low","12.5K","Off","Off","TG Alpha","Group Call","2355","TEST01","Always","Carrier","Off","1","1","1","Off","1","2","None","None","Off","Off","Off","Off","Normal Encryption","Off","On","Off","Off","251.1","0","Off","Off","Off","Off","Off","Off","1","0","On","0","1","0","0","0","0","0","1","0","0","0","0","0","0","0","0","1","0","0","0","0","0","0","0","0","0","0","0","0","0","0","0","1"
"1","Ch188","438.80000","434.00000","D-Digital","Low","12.5K","Off","Off","TG Alpha","Group Call","2355","TEST01","Always","Carrier","Off","1","1","1","Off","1","2","None","None","Off","Off","Off","Off","Normal Encryption","Off","On","Off","Off","251.1","0","Off","Off","Off","Off","Off","Off","1","0","On","0","1","0","0","0","0","0","1","0","0","0","0","0","0","0","0","1","0","0","0","0","0","0","0","0","0","0","0","0","0","0","0","1"
"1","Ch189","438.80000","434.00000","D-Digital","Low","12.5K","Off","Off","TG Alpha","Group Call","2355","TEST01","Always","Carrier","Off","1","1","1","Off","1","2","None","None","Off","Off","Off","Off","Normal Encryption","Off","On","Off","Off","251.1","0","Off","Off","Off","Off","Off","Off","1","0","On","0","1","0","0","0","0","0","1","0","0","0","0","0","0","0","0","1","0","0","0","0","0","0","0","0","0","0","0","0","0","0","0","1"
"1","Ch190","438.80000","434.00000","D-Digital","Low","12.5K","Off","Off","TG Alpha","Group Call","2355","TEST01","Always","Carrier","Off","1","1","1","Off","1","2","None","None","Off","Off","Off","Off","Normal Encryption","Off","On","Off","Off","251.1","0","Off","Off","Off","Off","Off","Off","1","0","On","0","1","0","0","0","0","0","1","0","0","0","0","0","0","0","0","1","0","0","0","0","0","0","0","0","0","0","0","0","0","0","0","1"
"1","Ch191","438.80000","434.00000","D-Digital","Low","12.5K","Off","Off","TG Alpha","Group Call","2355","TEST01","Always","Carrier","Off","1","1","1","Off","1","2","None","None","Off","Off","Off","Off","Normal Encryption","Off","On","Off","Off","251.1","0","Off","Off","Off","Off","Off","Off","1","0","On","0","1","0","0","0","0","0","1","0","0","0","0","0","0","0","0","1","0","0","0","0","0","0","0","0","0","0","0","0","0","0","0","1"
"1","Ch192","438.80000","434.00000","D-Digital","Low","12.5K","Off","Off","TG Alpha","Group Call","2355","TEST01","Always","Carrier","Off","1","1","1","Off","1","2","None","None","Off","Off","Off","Off","Normal Encryption","Off","On","Off","Off","251.1","0","Off","Off","Off","Off","Off","Off","1","0","On","0","1","0","0","0","0","0","1","0","0","0","0","0","0","0","0","1","0","0","0","0","0","0","0","0","0","0","0","0","0","0","0","1"
"1","Ch193","438.80000","434.00000","D-Digital","Low","12.5K","Off","Off","TG Alpha","Group Call","2355","TEST01","Always","Carrier","Off","1","1","1","Off","1","2","None","None","Off","Off","Off","Off","Normal Encryption","Off","On","Off","Off","251.1","0","Off","Off","Off","Off","Off","Off","1","0","On","0","1","0","0","0","0","0","1","0","0","0","0","0","0","0","0","1","0","0","0","0","0","0","0","0","0","0","0","0","0","0","0","1"
"1","Ch194","438.80000","434.00000","D-Digital","Low","12.5K","Off","Off","TG Alpha","Group Call","2355","TEST01","Always","Carrier","Off","1","1","1","Off","1","2","None","None","Off","Off","Off","Off","Normal Encryption","Off","On","Off","Off","251.1","0","Off","Off","Off","Off","Off","Off","1","0","On","0","1","0","0","0","0","0","1","0","0","0","0","0","0","0","0","1","0","0","0","0","0","0","0","0","0","0","0","0","0","0","0","1"
"1","Ch195","438.80000","434.00000","D-Digital","Low","12.5K","Off","Off","TG Alpha","Group Call","2355","TEST01","Always","Carrier","Off","1","1","1","Off","1","2","None","None","Off","Off","Off","Off","Normal Encryption","Off","On","Off","Off","251.1","0","Off","Off","Off","Off","Off","Off","1","0","On","0","1","0","0","0","0","0","1","0","0","0","0","0","0","0","0","1","0","0","0","0","0","0","0","0","0","0","0","0","0","0","0","1"
"1","Ch196","438.80000","434.00000","D-Digital","Low","12.5K","Off","Off","TG Alpha","Group Call","2355","TEST01","Always","Carrier","Off","1","1","1","Off","1","2","None","None","Off","Off","Off","Off","Normal Encryption","Off","On","Off","Off","251.1","0","Off","Off","Off","Off","Off","Off","1","0","On","0","1","0","0","0","0","0","1","0","0","0","0","0","0","0","0","1","0","0","0","0","0","0","0","0","0","0","0","0","0","0","0","1"
"1","Ch197","438.80000","434.00000","D-Digital","Low","12.5K","Off","Off","TG Alpha","Group Call","2355","TEST01","Always","Carrier","Off","1","1","1","Off","1","2","None","None","Off","Off","Off","Off","Normal Encryption","Off","On","Off","Off","251.1","0","Off","Off","Off","Off","Off","Off","1","0","On","0","1","0","0","0","0","0","1","0","0","0","0","0","0","0","0","1","0","0","0","0","0","0","0","0","0","0","0","0","0","0","0","1"
"1","Ch198","438.80000","434.00000","D-Digital","Low","12.5K","Off","Off","TG Alpha","Group Call","2355","TEST01","Always","Carrier","Off","1","1","1","Off","1","2","None","None","Off","Off","Off","Off","Normal Encryption","Off","On","Off","Off","251.1","0","Off","Off","Off","Off","Off","Off","1","0","On","0","1","0","0","0","0","0","1","0","0","0","0","0","0","0","0","1","0","0","0","0","0","0","0","0","0","0","0","0","0","0","0","1"
"1","Ch199","438.80000","434.00000","D-Digital","Low","12.5K","Off","Off","TG Alpha","Group Call","2355","TEST01","Always","Carrier","Off","1","1","1","Off","1","2","None","None","Off","Off","Off","Off","Normal Encryption","Off","On","Off","Off","251.1","0","Off","Off","Off","Off","Off","Off","1","0","On","0","1","0","0","0","0","0","1","0","0","0","0","0","0","0","0","1","0","0","0","0","0","0","0","0","0","0","0","0","0","0","0","1"
"1","Ch200","438.80000","434.00000","D-Digital","Low","12.5K","Off","Off","TG Alpha","Group Call","2355","TEST01","Always","Carrier","Off","1","1","1","Off","1","2","None","None","Off","Off","Off","Off","Normal Encryption","Off","On","Off","Off","251.1","0","Off","Off","Off","Off","Off","Off","1","0","On","0","1","0","0","0","0","0","1","0","0","0","0","0","0","0","0","1","0","0","0","0","0","0","0","0","0","0","0","0","0","0","0","1"
"1","Ch201","438.80000","434.00000","D-Digital","Low","12.5K","Off","Off","TG Alpha","Group Call","2355","TEST01","Always","Carrier","Off","1","1","1","Off","1","2","None","None","Off","Off","Off","Off","Normal Encryption","Off","On","Off","Off","251.1","0","Off","Off","Off","Off","Off","Off","1","0","On","0","1","0","0","0","0","0","1","0","0","0","0","0","0","0","0","1","0","0","0","0","0","0","0","0","0","0","0","0","0","0","0","1"
"1","Ch202","438.80000","434.00000","D-Digital","Low","12.5K","Off","Off","TG Alpha","Group Call","2355","TEST01","Always","Carrier","Off","1","1","1","Off","1","2","None","None","Off","Off","Off","Off","Normal Encryption","Off","On","Off","Off","251.1","0","Off","Off","Off","Off","Off","Off","1","0","On","0","1","0","0","0","0","0","1","0","0","0","0","0","0","0","0","1","0","0","0","0","0","0","0","0","0","0","0","0","0","0","0","1"
"1","Ch203","438.80000","434.00000","D-Digital","Low","12.5K","Off","Off","TG Alpha","Group Call","2355","TEST01","Always","Carrier","Off","1","1","1","Off","1","2","None","None","Off","Off","Off","Off","Normal Encryption","Off","On","Off","Off","251.1","0","Off","Off","Off","Off","Off","Off","1","0","On","0","1","0","0","0","0","0","1","0","0","0","0","0","0","0","0","1","0","0","0","0","0","0","0","0","0","0","0","0","0","0","0","1"
"1","Ch204","438.80000","434.00000","D-Digital","Low","12.5K","Off","Off","TG Alpha","Group Call","2355","TEST01","Always","Carrier","Off","1","1","1","Off","1","2","None","None","Off","Off","Off","Off","Normal Encryption","Off","On","Off","Off","251.1","0","Off","Off","Off","Off","Off","Off","1","0","On","0","1","0","0","0","0","0","1","0","0","0","0","0","0","0","0","1","0","0","0","0","0","0","0","0","0","0","0","0","0","0","0","1"
"1","Ch205","438.80000","434.00000","D-Digital","Low","12.5K","Off","Off","TG Alpha","Group Call","2355","TEST01","Always","Carrier","Off","1","1","1","Off","1","2","None","None","Off","Off","Off","Off","Normal Encryption","Off","On","Off","Off","251.1","0","Off","Off","Off","Off","Off","Off","1","0","On","0","1","0","0","0","0","0","1","0","0","0","0","0","0","0","0","1","0","0","0","0","0","0","0","0","0","0","0","0","0","0","0","1"
"1","Ch206","438.80000","434.00000","D-Digital","Low","12.5K","Off","Off","TG Alpha","Group Call","2355","TEST01","Always","Carrier","Off","1","1","1","Off","1","2","None","None","Off","Off","Off","Off","Normal Encryption","Off","On","Off","Off","251.1","0","Off","Off","Off","Off","Off","Off","1","0","On","0","1","0","0","0","0","0","1","0","0","0","0","0","0","0","0","1","0","0","0","0","0","0","0","0","0","0","0","0","0","0","0","1"
"1","Ch207","438.80000","434.00000","D-Digital","Low","12.5K","Off","Off","TG Alpha","Group Call","2355","TEST01","Always","Carrier","Off","1","1","1","Off","1","2","None","None","Off","Off","Off","Off","Normal Encryption","Off","On","Off","Off","251.1","0","Off","Off","Off","Off","Off","Off","1","0","On","0","1","0","0","0","0","0","1","0","0","0","0","0","0","0","0","1","0","0","0","0","0","0","0","0","0","0","0","0","0","0","0","1"
"1","Ch208","438.80000","434.00000","D-Digital","Low","12.5K","Off","Off","TG Alpha","Group Call","2355","TEST01","Always","Carrier","Off","1","1","1","Off","1","2","None","None","Off","Off","Off","Off","Normal Encryption","Off","On","Off","Off","251.1","0","Off","Off","Off","Off","Off","Off","1","0","On","0","1","0","0","0","0","0","1","0","0","0","0","0","0","0","0","1","0","0","0","0","0","0","0","0","0","0","0","0","0","0","0","1"
"1","Ch209","438.80000","434.00000","D-Digital","Low","12.5K","Off","Off","TG Alpha","Group Call","2355","TEST01","Always","Carrier","Off","1","1","1","Off","1","2","None","None","Off","Off","Off","Off","Normal Encryption","Off","On","Off","Off","251.1","0","Off","Off","Off","Off","Off","Off","1","0","On","0","1","0","0","0","0","0","1","0","0","0","0","0","0","0","0","1","0","0","0","0","0","0","0","0","0","0","0","0","0","0","0","1"
"1","Ch210","438.80000","434.00000","D-Digital","Low","12.5K","Off","Off","TG Alpha","Group Call","2355","TEST01","Always","Carrier","Off","1","1","1","Off","1","2","None","None","Off","Off","Off","Off","Normal Encryption","Off","On","Off","Off","251.1","0","Off","Off","Off","Off","Off","Off","1","0","On","0","1","0","0","0","0","0","1","0","0","0","0","0","0","0","0","1","0","0","0","0","0","0","0","0","0","0","0","0","0","0","0","1"
"1","Ch211","438.80000","434.00000","D-Digital","Low","12.5K","Off","Off","TG Alpha","Group Call","2355","TEST01","Always","Carrier","Off","1","1","1","Off","1","2","None","None","Off","Off","Off","Off","Normal Encryption","Off","On","Off","Off","251.1","0","Off","Off","Off","Off","Off","Off","1","0","On","0","1","0","0","0","0","0","1","0","0","0","0","0","0","0","0","1","0","0","0","0","0","0","0","0","0","0","0","0","0","0","0","1"
"1","Ch212","438.80000","434.00000","D-Digital","Low","12.5K","Off","Off","TG Alpha","Group Call","2355","TEST01","Always","Carrier","Off","1","1","1","Off","1","2","None","None","Off","Off","Off","Off","Normal Encryption","Off","On","Off","Off","251.1","0","Off","Off","Off","Off","Off","Off","1","0","On","0","1","0","0","0","0","0","1","0","0","0","0","0","0","0","0","1","0","0","0","0","0","0","0","0","0","0","0","0","0","0","0","1"
"1","Ch213","438.80000","434.00000","D-Digital","Low","12.5K","Off","Off","TG Alpha","Group Call","2355","TEST01","Always","Carrier","Off","1","1","1","Off","1","2","None","None","Off","Off","Off","Off","Normal Encryption","Off","On","Off","Off","251.1","0","Off","Off","Off","Off","Off","Off","1","0","On","0","1","0","0","0","0","0","1","0","0","0","0","0","0","0","0","1","0","0","0","0","0","0","0","0","0","0","0","0","0","0","0","1"
"1","Ch214","438.80000","434.00000","D-Digital","Low","12.5K","Off","Off","TG Alpha","Group Call","2355","TEST01","Always","Carrier","Off","1","1","1","Off","1","2","None","None","Off","Off","Off","Off","Normal Encryption","Off","On","Off","Off","251.1","0","Off","Off","Off","Off","Off","Off","1","0","On","0","1","0","0","0","0","0","1","0","0","0","0","0","0","0","0","1","0","0","0","0","0","0","0","0","0","0","0","0","0","0","0","1"
"1","Ch215","438.80000","434.00000","D-Digital","Low","12.5K","Off","Off","TG Alpha","Group Call","2355","TEST01","Always","Carrier","Off","1","1","1","Off","1","2","None","None","Off","Off","Off","Off","Normal Encryption","Off","On","Off","Off","251.1","0","Off","Off","Off","Off","Off","Off","1","0","On","0","1","0","0","0","0","0","1","0","0","0","0","0","0","0","0","1","0","0","0","0","0","0","0","0","0","0","0","0","0","0","0","1"
"1","Ch216","438.80000","434.00000","D-Digital","Low","12.5K","Off","Off","TG Alpha","Group Call","2355","TEST01","Always","Carrier","Off","1","1","1","Off","1","2","None","None","Off","Off","Off","Off","Normal Encryption","Off","On","Off","Off","251.1","0","Off","Off","Off","Off","Off","Off","1","0","On","0","1","0","0","0","0","0","1","0","0","0","0","0","0","0","0","1","0","0","0","0","0","0","0","0","0","0","0","0","0","0","0","1"
"1","Ch217","438.80000","434.00000","D-Digital","Low","12.5K","Off","Off","TG Alpha","Group Call","2355","TEST01","Always","Carrier","Off","1","1","1","Off","1","2","None","None","Off","Off","Off","Off","Normal Encryption","Off","On","Off","Off","251.1","0","Off","Off","Off","Off","Off","Off","1","0","On","0","1","0","0","0","0","0","1","0","0","0","0","0","0","0","0","1","0","0","0","0","0","0","0","0","0","0","0","0","0","0","0","1"
"1","Ch218","438.80000","434.00000","D-Digital","Low","12.5K","Off","Off","TG Alpha","Group Call","2355","TEST01","Always","Carrier","Off","1","1","1","Off","1","2","None","None","Off","Off","Off","Off","Normal Encryption","Off","On","Off","Off","251.1","0","Off","Off","Off","Off","Off","Off","1","0","On","0","1","0","0","0","0","0","1","0","0","0","0","0","0","0","0","1","0","0","0","0","0","0","0","0","0","0","0","0","0","0","0","1"
"1","Ch219","438.80000","434.00000","D-Digital","Low","12.5K","Off","Off","TG Alpha","Group Call","2355","TEST01","Always","Carrier","Off","1","1","1","Off","1","2","None","None","Off","Off","Off","Off","Normal Encryption","Off","On","Off","Off","251.1","0","Off","Off","Off","Off","Off","Off","1","0","On","0","1","0","0","0","0","0","1","0","0","0","0","0","0","0","0","1","0","0","0","0","0","0","0","0","0","0","0","0","0","0","0","1"
"1","Ch220","438.80000","434.00000","D-Digital","Low","12.5K","Off","Off","TG Alpha","Group Call","2355","TEST01","Always","Carrier","Off","1","1","1","Off","1","2","None","None","Off","Off","Off","Off","Normal Encryption","Off","On","Off","Off","251.1","0","Off","Off","Off","Off","Off","Off","1","0","On","0","1","0","0","0","0","0","1","0","0","0","0","0","0","0","0","1","0","0","0","0","0","0","0","0","0","0","0","0","0","0","0","1"
"1","Ch221","438.80000","434.00000","D-Digital","Low","12.5K","Off","Off","TG Alpha","Group Call","2355","TEST01","Always","Carrier","Off","1","1","1","Off","1","2","None","None","Off","Off","Off","Off","Normal Encryption","Off","On","Off","Off","251.1","0","Off","Off","Off","Off","Off","Off","1","0","On","0","1","0","0","0","0","0","1","0","0","0","0","0","0","0","0","1","0","0","0","0","0","0","0","0","0","0","0","0","0","0","0","1"
"1","Ch222","438.80000","434.00000","D-Digital","Low","12.5K","Off","Off","TG Alpha","Group Call","2355","TEST01","Always","Carrier","Off","1","1","1","Off","1","2","None","None","Off","Off","Off","Off","Normal Encryption","Off","On","Off","Off","251.1","0","Off","Off","Off","Off","Off","Off","1","0","On","0","1","0","0","0","0","0","1","0","0","0","0","0","0","0","0","1","0","0","0","0","0","0","0","0","0","0","0","0","0","0","0","1"
"1","Ch223","438.80000","434.00000","D-Digital","Low","12.5K","Off","Off","TG Alpha","Group Call","2355","TEST01","Always","Carrier","Off","1","1","1","Off","1","2","None","None","Off","Off","Off","Off","Normal Encryption","Off","On","Off","Off","251.1","0","Off","Off","Off","Off","Off","Off","1","0","On","0","1","0","0","0","0","0","1","0","0","0","0","0","0","0","0","1","0","0","0","0","0","0","0","0","0","0","0","0","0","0","0","1"
"1","Ch224","438.80000","434.00000","D-Digital","Low","12.5K","Off","Off","TG Alpha","Group Call","2355","TEST01","Always","Carrier","Off","1","1","1","Off","1","2","None","None","Off","Off","Off","Off","Normal Encryption","Off","On","Off","Off","251.1","0","Off","Off","Off","Off","Off","Off","1","0","On","0","1","0","0","0","0","0","1","0","0","0","0","0","0","0","0","1","0","0","0","0","0","0","0","0","0","0","0","0","0","0","0","1"
"1","Ch225","438.80000","434.00000","D-Digital","Low","12.5K","Off","Off","TG Alpha","Group Call","2355","TEST01","Always","Carrier","Off","1","1","1","Off","1","2","None","None","Off","Off","Off","Off","Normal Encryption","Off","On","Off","Off","251.1","0","Off","Off","Off","Off","Off","Off","1","0","On","0","1","0","0","0","0","0","1","0","0","0","0","0","0","0","0","1","0","0","0","0","0","0","0","0","0","0","0","0","0","0","0","1"
"1","Ch226","438.80000","434.00000","D-Digital","Low","12.5K","Off","Off","TG Alpha","Group Call","2355","TEST01","Always","Carrier","Off","1","1","1","Off","1","2","None","None","Off","Off","Off","Off","Normal Encryption","Off","On","Off","Off","251.1","0","Off","Off","Off","Off","Off","Off","1","0","On","0","1","0","0","0","0","0","1","0","0","0","0","0","0","0","0","1","0","0","0","0","0","0","0","0","0","0","0","0","0","0","0","1"
"1","Ch227","438.80000","434.00000","D-Digital","Low","12.5K","Off","Off","TG Alpha","Group Call","2355","TEST01","Always","Carrier","Off","1","1","1","Off","1","2","None","None","Off","Off","Off","Off","Normal Encryption","Off","On","Off","Off","251.1","0","Off","Off","Off","Off","Off","Off","1","0","On","0","1","0","0","0","0","0","1","0","0","0","0","0","0","0","0","1","0","0","0","0","0","0","0","0","0","0","0","0","0","0","0","1"
"1","Ch228","438.80000","434.00000","D-Digital","Low","12.5K","Off","Off","TG Alpha","Group Call","2355","TEST01","Always","Carrier","Off","1","1","1","Off","1","2","None","None","Off","Off","Off","Off","Normal Encryption","Off","On","Off","Off","251.1","0","Off","Off","Off","Off","Off","Off","1","0","On","0","1","0","0","0","0","0","1","0","0","0","0","0","0","0","0","1","0","0","0","0","0","0","0","0","0","0","0","0","0","0","0","1"
"1","Ch229","438.80000","434.00000","D-Digital","Low","12.5K","Off","Off","TG Alpha","Group Call","2355","TEST01","Always","Carrier","Off","1","1","1","Off","1","2","None","None","Off","Off","Off","Off","Normal Encryption","Off","On","Off","Off","251.1","0","Off","Off","Off","Off","Off","Off","1","0","On","0","1","0","0","0","0","0","1","0","0","0","0","0","0","0","0","1","0","0","0","0","0","0","0","0","0","0","0","0","0","0","0","1"
"1","Ch230","438.80000","434.00000","D-Digital","Low","12.5K","Off","Off","TG Alpha","Group Call","2355","TEST01","Always","Carrier","Off","1","1","1","Off","1","2","None","None","Off","Off","Off","Off","Normal Encryption","Off","On","Off","Off","251.1","0","Off","Off","Off","Off","Off","Off","1","0","On","0","1","0","0","0","0","0","1","0","0","0","0","0","0","0","0","1","0","0","0","0","0","0","0","0","0","0","0","0","0","0","0","1"
"1","Ch231","438.80000","434.00000","D-Digital","Low","12.5K","Off","Off","TG Alpha","Group Call","2355","TEST01","Always","Carrier","Off","1","1","1","Off","1","2","None","None","Off","Off","Off","Off","Normal Encryption","Off","On","Off","Off","251.1","0","Off","Off","Off","Off","Off","Off","1","0","On","0","1","0","0","0","0","0","1","0","0","0","0","0","0","0","0","1","0","0","0","0","0","0","0","0","0","0","0","0","0","0","0","1"
"1","Ch232","438.80000","434.00000","D-Digital","Low","12.5K","Off","Off","TG Alpha","Group Call","2355","TEST01","Always","Carrier","Off","1","1","1","Off","1","2","None","None","Off","Off","Off","Off","Normal Encryption","Off","On","Off","Off","251.1","0","Off","Off","Off","Off","Off","Off","1","0","On","0","1","0","0","0","0","0","1","0","0","0","0","0","0","0","0","1","0","0","0","0","0","0","0","0","0","0","0","0","0","0","0","1"
"1","Ch233","438.80000","434.00000","D-Digital","Low","12.5K","Off","Off","TG Alpha","Group Call","2355","TEST01","Always","Carrier","Off","1","1","1","Off","1","2","None","None","Off","Off","Off","Off","Normal Encryption","Off","On","Off","Off","251.1","0","Off","Off","Off","Off","Off","Off","1","0","On","0","1","0","0","0","0","0","1","0","0","0","0","0","0","0","0","1","0","0","0","0","0","0","0","0","0","0","0","0","0","0","0","1"
"1","Ch234","438.80000","434.00000","D-Digital","Low","12.5K","Off","Off","TG Alpha","Group Call","2355","TEST01","Always","Carrier","Off","1","1","1","Off","1","2","None","None","Off","Off","Off","Off","Normal Encryption","Off","On","Off","Off","251.1","0","Off","Off","Off","Off","Off","Off","1","0","On","0","1","0","0","0","0","0","1","0","0","0","0","0","0","0","0","1","0","0","0","0","0","0","0","0","0","0","0","0","0","0","0","1"
"1","Ch235","438.80000","434.00000","D-Digital","Low","12.5K","Off","Off","TG Alpha","Group Call","2355","TEST01","Always","Carrier","Off","1","1","1","Off","1","2","None","None","Off","Off","Off","Off","Normal Encryption","Off","On","Off","Off","251.1","0","Off","Off","Off","Off","Off","Off","1","0","On","0","1","0","0","0","0","0","1","0","0","0","0","0","0","0","0","1","0","0","0","0","0","0","0","0","0","0","0","0","0","0","0","1"
"1","Ch236","438.80000","434.00000","D-Digital","Low","12.5K","Off","Off","TG Alpha","Group Call","2355","TEST01","Always","Carrier","Off","1","1","1","Off","1","2","None","None","Off","Off","Off","Off","Normal Encryption","Off","On","Off","Off","251.1","0","Off","Off","Off","Off","Off","Off","1","0","On","0","1","0","0","0","0","0","1","0","0","0","0","0","0","0","0","1","0","0","0","0","0","0","0","0","0","0","0","0","0","0","0","1"
"1","Ch237","438.80000","434.00000","D-Digital","Low","12.5K","Off","Off","TG Alpha","Group Call","2355","TEST01","Always","Carrier","Off","1","1","1","Off","1","2","None","None","Off","Off","Off","Off","Normal Encryption","Off","On","Off","Off","251.1","0","Off","Off","Off","Off","Off","Off","1","0","On","0","1","0","0","0","0","0","1","0","0","0","0","0","0","0","0","1","0","0","0","0","0","0","0","0","0","0","0","0","0","0","0","1"
"1","Ch238","438.80000","434.00000","D-Digital","Low","12.5K","Off","Off","TG Alpha","Group Call","2355","TEST01","Always","Carrier","Off","1","1","1","Off","1","2","None","None","Off","Off","Off","Off","Normal Encryption","Off","On","Off","Off","251.1","0","Off","Off","Off","Off","Off","Off","1","0","On","0","1","0","0","0","0","0","1","0","0","0","0","0","0","0","0","1","0","0","0","0","0","0","0","0","0","0","0","0","0","0","0","1"
"1","Ch239","438.80000","434.00000","D-Digital","Low","12.5K","Off","Off","TG Alpha","Group Call","2355","TEST01","Always","Carrier","Off","1","1","1","Off","1","2","None","None","Off","Off","Off","Off","Normal Encryption","Off","On","Off","Off","251.1","0","Off","Off","Off","Off","Off","Off","1","0","On","0","1","0","0","0","0","0","1","0","0","0","0","0","0","0","0","1","0","0","0","0","0","0","0","0","0","0","0","0","0","0","0","1"
"1","Ch240","438.80000","434.00000","D-Digital","Low","12.5K","Off","Off","TG Alpha","Group Call","2355","TEST01","Always","Carrier","Off","1","1","1","Off","1","2","None","None","Off","Off","Off","Off","Normal Encryption","Off","On","Off","Off","251.1","0","Off","Off","Off","Off","Off","Off","1","0","On","0","1","0","0","0","0","0","1","0","0","0","0","0","0","0","0","1","0","0","0","0","0","0","0","0","0","0","0","0","0","0","0","1"
"1","Ch241","438.80000","434.00000","D-Digital","Low","12.5K","Off","Off","TG Alpha","Group Call","2355","TEST01","Always","Carrier","Off","1","1","1","Off","1","2","None","None","Off","Off","Off","Off","Normal Encryption","Off","On","Off","Off","251.1","0","Off","Off","Off","Off","Off","Off","1","0","On","0","1","0","0","0","0","0","1","0","0","0","0","0","0","0","0","1","0","0","0","0","0","0","0","0","0","0","0","0","0","0","0","1"
"1","Ch242","438.80000","434.00000","D-Digital","Low","12.5K","Off","Off","TG Alpha","Group Call","2355","TEST01","Always","Carrier","Off","1","1","1","Off","1","2","None","None","Off","Off","Off","Off","Normal Encryption","Off","On","Off","Off","251.1","0","Off","Off","Off","Off","Off","Off","1","0","On","0","1","0","0","0","0","0","1","0","0","0","0","0","0","0","0","1","0","0","0","0","0","0","0","0","0","0","0","0","0","0","0","1"
"1","Ch243","438.80000","434.00000","D-Digital","Low","12.5K","Off","Off","TG Alpha","Group Call","2355","TEST01","Always","Carrier","Off","1","1","1","Off","1","2","None","None","Off","Off","Off","Off","Normal Encryption","Off","On","Off","Off","251.1","0","Off","Off","Off","Off","Off","Off","1","0","On","0","1","0","0","0","0","0","1","0","0","0","0","0","0","0","0","1","0","0","0","0","0","0","0","0","0","0","0","0","0","0","0","1"
"1","Ch244","438.80000","434.00000","D-Digital","Low","12.5K","Off","Off","TG Alpha","Group Call","2355","TEST01","Always","Carrier","Off","1","1","1","Off","1","2","None","None","Off","Off","Off","Off","Normal Encryption","Off","On","Off","Off","251.1","0","Off","Off","Off","Off","Off","Off","1","0","On","0","1","0","0","0","0","0","1","0","0","0","0","0","0","0","0","1","0","0","0","0","0","0","0","0","0","0","0","0","0","0","0","1"
"1","Ch245","438.80000","434.00000","D-Digital","Low","12.5K","Off","Off","TG Alpha","Group Call","2355","TEST01","Always","Carrier","Off","1","1","1","Off","1","2","None","None","Off","Off","Off","Off","Normal Encryption","Off","On","Off","Off","251.1","0","Off","Off","Off","Off","Off","Off","1","0","On","0","1","0","0","0","0","0","1","0","0","0","0","0","0","0","0","1","0","0","0","0","0","0","0","0","0","0","0","0","0","0","0","1"
"1","Ch246","438.80000","434.00000","D-Digital","Low","12.5K","Off","Off","TG Alpha","Group Call","2355","TEST01","Always","Carrier","Off","1","1","1","Off","1","2","None","None","Off","Off","Off","Off","Normal Encryption","Off","On","Off","Off","251.1","0","Off","Off","Off","Off","Off","Off","1","0","On","0","1","0","0","0","0","0","1","0","0","0","0","0","0","0","0","1","0","0","0","0","0","0","0","0","0","0","0","0","0","0","0","1"
"1","Ch247","438.80000","434.00000","D-Digital","Low","12.5K","Off","Off","TG Alpha","Group Call","2355","TEST01","Always","Carrier","Off","1","1","1","Off","1","2","None","None","Off","Off","Off","Off","Normal Encryption","Off","On","Off","Off","251.1","0","Off","Off","Off","Off","Off","Off","1","0","On","0","1","0","0","0","0","0","1","0","0","0","0","0","0","0","0","1","0","0","0","0","0","0","0","0","0","0","0","0","0","0","0","1"
"1","Ch248","438.80000","434.00000","D-Digital","Low","12.5K","Off","Off","TG Alpha","Group Call","2355","TEST01","Always","Carrier","Off","1","1","1","Off","1","2","None","None","Off","Off","Off","Off","Normal Encryption","Off","On","Off","Off","251.1","0","Off","Off","Off","Off","Off","Off","1","0","On","0","1","0","0","0","0","0","1","0","0","0","0","0","0","0","0","1","0","0","0","0","0","0","0","0","0","0","0","0","0","0","0","1"
"1","Ch249","438.80000","434.00000","D-Digital","Low","12.5K","Off","Off","TG Alpha","Group Call","2355","TEST01","Always","Carrier","Off","1","1","1","Off","1","2","None","None","Off","Off","Off","Off","Normal Encryption","Off","On","Off","Off","251.1","0","Off","Off","Off","Off","Off","Off","1","0","On","0","1","0","0","0","0","0","1","0","0","0","0","0","0","0","0","1","0","0","0","0","0","0","0","0","0","0","0","0","0","0","0","1"
"1","Ch250","438.80000","434.00000","D-Digital","Low","12.5K","Off","Off","TG Alpha","Group Call","2355","TEST01","Always","Carrier","Off","1","1","1","Off","1","2","None","None","Off","Off","Off","Off","Normal Encryption","Off","On","Off","Off","251.1","0","Off","Off","Off","Off","Off","Off","1","0","On","0","1","0","0","0","0","0","1","0","0","0","0","0","0","0","0","1","0","0","0","0","0","0","0","0","0","0","0","0","0","0","0","1"
"1","Ch251","438.80000","434.00000","D-Digital","Low","12.5K","Off","Off","TG Alpha","Group Call","2355","TEST01","Always","Carrier","Off","1","1","1","Off","1","2","None","None","Off","Off","Off","Off","Normal Encryption","Off","On","Off","Off","251.1","0","Off","Off","Off","Off","Off","Off","1","0","On","0","1","0","0","0","0","0","1","0","0","0","0","0","0","0","0","1","0","0","0","0","0","0","0","0","0","0","0","0","0","0","0","1"
